<?xml version="1.0" encoding="UTF-8"?>

<FLOW VERSION="3.0" CLEANUP="true">
  <COMMENT></COMMENT>

  <!-- nodes -->

<MAP TIMEOUT="" MODE="STANDALONE">
  <COMMENT></COMMENT>
</MAP>

<BRANCH TIMEOUT="" SWITCH="/PONumber">
  <COMMENT></COMMENT>

  <!-- nodes -->

<SEQUENCE NAME="1001" TIMEOUT="" EXIT-ON="FAILURE">
  <COMMENT></COMMENT>

  <!-- nodes -->

<MAP TIMEOUT="" MODE="STANDALONE">
  <COMMENT></COMMENT>
  <MAPTARGET>

<Values version="2.0">
  <record name="xml" javaclass="com.wm.util.Values">
    <value name="node_type">record</value>
    <value name="node_subtype">unknown</value>
    <value name="is_public">false</value>
    <value name="field_type">record</value>
    <value name="field_dim">0</value>
    <value name="nillable">true</value>
    <value name="form_qualified">false</value>
    <value name="is_global">false</value>
    <array name="rec_fields" type="record" depth="1">
      <record javaclass="com.wm.util.Values">
        <value name="node_type">record</value>
        <value name="node_subtype">unknown</value>
        <value name="node_comment"></value>
        <record name="node_hints" javaclass="com.wm.util.Values">
          <value name="field_usereditable">true</value>
          <value name="field_largerEditor">false</value>
          <value name="field_password">false</value>
        </record>
        <value name="is_public">false</value>
        <value name="field_name">PONumber</value>
        <value name="field_type">string</value>
        <value name="field_dim">0</value>
        <array name="field_options" type="value" depth="1">
        </array>
        <value name="nillable">true</value>
        <value name="form_qualified">false</value>
        <value name="is_global">false</value>
      </record>
      <record javaclass="com.wm.util.Values">
        <value name="node_type">unknown</value>
        <value name="node_subtype">unknown</value>
        <value name="is_public">false</value>
        <value name="field_name">PORequestXml</value>
        <value name="field_type">string</value>
        <value name="field_dim">0</value>
        <value name="nillable">true</value>
        <value name="form_qualified">false</value>
        <value name="is_global">false</value>
      </record>
    </array>
    <value name="modifiable">true</value>
  </record>
</Values>
</MAPTARGET>
  <MAPSOURCE>

<Values version="2.0">
  <record name="xml" javaclass="com.wm.util.Values">
    <value name="node_type">record</value>
    <value name="node_subtype">unknown</value>
    <value name="is_public">false</value>
    <value name="field_type">record</value>
    <value name="field_dim">0</value>
    <value name="nillable">true</value>
    <value name="form_qualified">false</value>
    <value name="is_global">false</value>
    <array name="rec_fields" type="record" depth="1">
    </array>
    <value name="modifiable">true</value>
  </record>
</Values>
</MAPSOURCE>

  <!-- nodes -->

<MAPSET NAME="Setter" OVERWRITE="true" VARIABLES="false" GLOBALVARIABLES="false" FIELD="/PORequestXml;1;0">
  <DATA ENCODING="XMLValues" I18N="true">

<Values version="2.0">
  <value name="xml">&lt;?xml version="1.0"?&gt;
&lt;PurchaseOrderRequest xmlns:xsi="http://www.w3.org/2001/XMLSchema-instance" xsi:noNamespaceSchemaLocation="OrderRequest.xsd"&gt;
   &lt;PurchaseOrder&gt;
      &lt;deliverTo&gt;
         &lt;PhysicalAddress&gt;
            &lt;cityName&gt;
               &lt;FreeFormText&gt;Reston VA&lt;/FreeFormText&gt;
            &lt;/cityName&gt;
            &lt;addressLine1&gt;
               &lt;FreeFormText&gt;Software AG&lt;/FreeFormText&gt;
            &lt;/addressLine1&gt;
            &lt;addressLine2&gt;
               &lt;FreeFormText&gt;11700 Plaza America Drive&lt;/FreeFormText&gt;
            &lt;/addressLine2&gt;
            &lt;addressLine3&gt;
               &lt;FreeFormText&gt;Reston VA&lt;/FreeFormText&gt;
            &lt;/addressLine3&gt;
            &lt;NationalPostalCode&gt;20190&lt;/NationalPostalCode&gt;
            &lt;regionName&gt;
               &lt;FreeFormText&gt;USA&lt;/FreeFormText&gt;
            &lt;/regionName&gt;
            &lt;postOfficeBoxIdentifier&gt;
               &lt;FreeFormText/&gt;
            &lt;/postOfficeBoxIdentifier&gt;
            &lt;GlobalLocationIdentifier&gt;North America&lt;/GlobalLocationIdentifier&gt;
            &lt;GlobalCountryCode&gt;001&lt;/GlobalCountryCode&gt;
         &lt;/PhysicalAddress&gt;
      &lt;/deliverTo&gt;
      &lt;comment&gt;
         &lt;FreeFormText&gt;Comments go here&lt;/FreeFormText&gt;
      &lt;/comment&gt;
      &lt;packListRequirements&gt;
         &lt;FreeFormText&gt;Packing List Requirements&lt;/FreeFormText&gt;
      &lt;/packListRequirements&gt;
      &lt;totalCost&gt;6510&lt;/totalCost&gt;
      &lt;!-- This is the items array series --&gt;
      &lt;!-- Item 1 --&gt;
      &lt;ProductLineItem&gt;
         &lt;shipFrom&gt;
            &lt;GlobalLocationIdentifier&gt;Warehouse 1&lt;/GlobalLocationIdentifier&gt;
         &lt;/shipFrom&gt;
         &lt;ProductQuantity&gt;150&lt;/ProductQuantity&gt;
         &lt;LineNumber&gt;1&lt;/LineNumber&gt;
         &lt;productUnit&gt;
            &lt;ProductPackageDescription&gt;
               &lt;ProductIdentification&gt;
                  &lt;GlobalProductIdentifier&gt;Anvil&lt;/GlobalProductIdentifier&gt;
                  &lt;PartnerProductIdentification&gt;
                     &lt;GlobalPartnerClassificationCode&gt;5644&lt;/GlobalPartnerClassificationCode&gt;
                     &lt;ProprietaryProductIdentifier&gt;CS-1100&lt;/ProprietaryProductIdentifier&gt;
                  &lt;/PartnerProductIdentification&gt;
               &lt;/ProductIdentification&gt;
            &lt;/ProductPackageDescription&gt;
         &lt;/productUnit&gt;
         &lt;GlobalSpecialFulfillmentRequestCode&gt;3122&lt;/GlobalSpecialFulfillmentRequestCode&gt;
         &lt;countryOfOrigin&gt;
            &lt;GlobalCountryCode&gt;001&lt;/GlobalCountryCode&gt;
         &lt;/countryOfOrigin&gt;
         &lt;requestedShipDate&gt;
            &lt;DateStamp&gt;15 NOVEMBER 2005&lt;/DateStamp&gt;
         &lt;/requestedShipDate&gt;
         &lt;contractIdentifier&gt;
            &lt;ProprietaryDocumentIdentifier/&gt;
         &lt;/contractIdentifier&gt;
         &lt;GlobalProductUnitOfMeasureCode&gt;N/A&lt;/GlobalProductUnitOfMeasureCode&gt;
         &lt;SpecialHandlingInstruction&gt;
            &lt;specialHandlingText&gt;
               &lt;FreeFormText&gt;Fragile -- contains electronic equipment&lt;/FreeFormText&gt;
            &lt;/specialHandlingText&gt;
         &lt;/SpecialHandlingInstruction&gt;
         &lt;requestedPrice&gt;
            &lt;FinancialAmount&gt;
               &lt;GlobalCurrencyCode&gt;001&lt;/GlobalCurrencyCode&gt;
               &lt;MonetaryAmount&gt;25&lt;/MonetaryAmount&gt;
            &lt;/FinancialAmount&gt;
         &lt;/requestedPrice&gt;
      &lt;/ProductLineItem&gt;
      &lt;!-- Item 2 --&gt;
      &lt;ProductLineItem&gt;
         &lt;shipFrom&gt;
            &lt;GlobalLocationIdentifier&gt;Computer Warehouse 1&lt;/GlobalLocationIdentifier&gt;
         &lt;/shipFrom&gt;
         &lt;ProductQuantity&gt;120&lt;/ProductQuantity&gt;
         &lt;LineNumber&gt;2&lt;/LineNumber&gt;
         &lt;productUnit&gt;
            &lt;ProductPackageDescription&gt;
               &lt;ProductIdentification&gt;
                  &lt;GlobalProductIdentifier&gt;Hammer&lt;/GlobalProductIdentifier&gt;
                  &lt;PartnerProductIdentification&gt;
                     &lt;GlobalPartnerClassificationCode&gt;5672&lt;/GlobalPartnerClassificationCode&gt;
                     &lt;ProprietaryProductIdentifier&gt;CS-1150&lt;/ProprietaryProductIdentifier&gt;
                  &lt;/PartnerProductIdentification&gt;
               &lt;/ProductIdentification&gt;
            &lt;/ProductPackageDescription&gt;
         &lt;/productUnit&gt;
         &lt;GlobalSpecialFulfillmentRequestCode&gt;3235&lt;/GlobalSpecialFulfillmentRequestCode&gt;
         &lt;countryOfOrigin&gt;
            &lt;GlobalCountryCode&gt;001&lt;/GlobalCountryCode&gt;
         &lt;/countryOfOrigin&gt;
         &lt;requestedShipDate&gt;
            &lt;DateStamp&gt;1 FEBRUARY 2014&lt;/DateStamp&gt;
         &lt;/requestedShipDate&gt;
         &lt;contractIdentifier&gt;
            &lt;ProprietaryDocumentIdentifier/&gt;
         &lt;/contractIdentifier&gt;
         &lt;GlobalProductUnitOfMeasureCode&gt;N/A&lt;/GlobalProductUnitOfMeasureCode&gt;
         &lt;SpecialHandlingInstruction&gt;
            &lt;specialHandlingText&gt;
               &lt;FreeFormText&gt;Fragile -- contains electronic equipment&lt;/FreeFormText&gt;
            &lt;/specialHandlingText&gt;
         &lt;/SpecialHandlingInstruction&gt;
         &lt;requestedPrice&gt;
            &lt;FinancialAmount&gt;
               &lt;GlobalCurrencyCode&gt;001&lt;/GlobalCurrencyCode&gt;
               &lt;MonetaryAmount&gt;23&lt;/MonetaryAmount&gt;
            &lt;/FinancialAmount&gt;
         &lt;/requestedPrice&gt;
      &lt;/ProductLineItem&gt;
      &lt;GlobalShipmentTermsCode/&gt;
      &lt;RevisionNumber/&gt;
      &lt;prePaymentCheckNumber&gt;
         &lt;CheckNumber/&gt;
      &lt;/prePaymentCheckNumber&gt;
      &lt;QuoteIdentifier&gt;
         &lt;ProprietaryDocumentIdentifier&gt;1017439&lt;/ProprietaryDocumentIdentifier&gt;
      &lt;/QuoteIdentifier&gt;
      &lt;WireTransferIdentifier/&gt;
      &lt;AccountDescription&gt;
         &lt;GlobalAccountClassificationCode/&gt;
         &lt;billTo&gt;
            &lt;PartnerRoleDescription&gt;
               &lt;GlobalPartnerRoleClassificationCode/&gt;
            &lt;/PartnerRoleDescription&gt;
         &lt;/billTo&gt;
         &lt;accountName&gt;
            &lt;FreeFormText/&gt;
         &lt;/accountName&gt;
         &lt;ProprietaryCIDIdentifier/&gt;
         &lt;expiryDate&gt;
            &lt;DateStamp&gt;01 February 2014&lt;/DateStamp&gt;
         &lt;/expiryDate&gt;
         &lt;AccountNumber/&gt;
      &lt;/AccountDescription&gt;
      &lt;generalServicesAdministrationNumber&gt;
         &lt;ProprietaryDocumentIdentifier/&gt;
      &lt;/generalServicesAdministrationNumber&gt;
      &lt;secondaryBuyerPurchaseOrderIdentifier&gt;
         &lt;ProprietaryDocumentIdentifier/&gt;
      &lt;/secondaryBuyerPurchaseOrderIdentifier&gt;
      &lt;GlobalFinanceTermsCode/&gt;
      &lt;PartnerDescription/&gt;
      &lt;secondaryBuyer&gt;
         &lt;PartnerRoleDescription&gt;
            &lt;GlobalPartnerRoleClassificationCode/&gt;
         &lt;/PartnerRoleDescription&gt;
      &lt;/secondaryBuyer&gt;
      &lt;GlobalPurchaseOrderTypeCode/&gt;
   &lt;/PurchaseOrder&gt;
   &lt;fromRole&gt;
      &lt;PartnerRoleDescription&gt;
         &lt;GlobalPartnerRoleClassificationCode/&gt;
         &lt;DUNS&gt;88-888-8888&lt;/DUNS&gt;
      &lt;/PartnerRoleDescription&gt;
   &lt;/fromRole&gt;
   &lt;toRole&gt;
      &lt;PartnerRoleDescription&gt;
         &lt;GlobalPartnerRoleClassificationCode/&gt;
         &lt;DUNS&gt;11-111-1111&lt;/DUNS&gt;
      &lt;/PartnerRoleDescription&gt;
   &lt;/toRole&gt;
   &lt;thisDocumentGenerationDateTime&gt;
      &lt;DateTimeStamp&gt;01 February 2014 15:30&lt;/DateTimeStamp&gt;
   &lt;/thisDocumentGenerationDateTime&gt;
   &lt;thisDocumentIdentifier&gt;
      &lt;ProprietaryDocumentIdentifier&gt;a&lt;/ProprietaryDocumentIdentifier&gt;
   &lt;/thisDocumentIdentifier&gt;
   &lt;GlobalDocumentFunctionCode/&gt;
&lt;/PurchaseOrderRequest&gt;
</value>
  <record name="type" javaclass="com.wm.util.Values">
    <value name="node_type">unknown</value>
    <value name="node_subtype">unknown</value>
    <value name="is_public">false</value>
    <value name="field_name">PORequestXml</value>
    <value name="field_type">string</value>
    <value name="field_dim">0</value>
    <value name="nillable">true</value>
    <value name="form_qualified">false</value>
    <value name="is_global">false</value>
  </record>
</Values>
</DATA>
</MAPSET>
</MAP>
</SEQUENCE>

<SEQUENCE NAME="$default" TIMEOUT="" EXIT-ON="FAILURE">
  <COMMENT></COMMENT>

  <!-- nodes -->

<MAP TIMEOUT="" MODE="STANDALONE">
  <COMMENT></COMMENT>
  <MAPTARGET>

<Values version="2.0">
  <record name="xml" javaclass="com.wm.util.Values">
    <value name="node_type">record</value>
    <value name="node_subtype">unknown</value>
    <value name="is_public">false</value>
    <value name="field_type">record</value>
    <value name="field_dim">0</value>
    <value name="nillable">true</value>
    <value name="form_qualified">false</value>
    <value name="is_global">false</value>
    <array name="rec_fields" type="record" depth="1">
      <record javaclass="com.wm.util.Values">
        <value name="node_type">record</value>
        <value name="node_subtype">unknown</value>
        <value name="node_comment"></value>
        <record name="node_hints" javaclass="com.wm.util.Values">
          <value name="field_usereditable">true</value>
          <value name="field_largerEditor">false</value>
          <value name="field_password">false</value>
        </record>
        <value name="is_public">false</value>
        <value name="field_name">PONumber</value>
        <value name="field_type">string</value>
        <value name="field_dim">0</value>
        <array name="field_options" type="value" depth="1">
        </array>
        <value name="nillable">true</value>
        <value name="form_qualified">false</value>
        <value name="is_global">false</value>
      </record>
      <record javaclass="com.wm.util.Values">
        <value name="node_type">record</value>
        <value name="node_subtype">unknown</value>
        <value name="node_comment"></value>
        <record name="node_hints" javaclass="com.wm.util.Values">
          <value name="field_usereditable">true</value>
          <value name="field_largerEditor">false</value>
          <value name="field_password">false</value>
        </record>
        <value name="is_public">false</value>
        <value name="field_name">PORequestXml</value>
        <value name="field_type">string</value>
        <value name="field_dim">0</value>
        <array name="field_options" type="value" depth="1">
        </array>
        <value name="nillable">true</value>
        <value name="form_qualified">false</value>
        <value name="is_global">false</value>
      </record>
    </array>
    <value name="modifiable">true</value>
  </record>
</Values>
</MAPTARGET>
  <MAPSOURCE>

<Values version="2.0">
  <record name="xml" javaclass="com.wm.util.Values">
    <value name="node_type">record</value>
    <value name="node_subtype">unknown</value>
    <value name="is_public">false</value>
    <value name="field_type">record</value>
    <value name="field_dim">0</value>
    <value name="nillable">true</value>
    <value name="form_qualified">false</value>
    <value name="is_global">false</value>
    <array name="rec_fields" type="record" depth="1">
    </array>
    <value name="modifiable">true</value>
  </record>
</Values>
</MAPSOURCE>

  <!-- nodes -->

<MAPSET NAME="Setter" OVERWRITE="true" VARIABLES="true" GLOBALVARIABLES="false" FIELD="/PORequestXml;1;0">
  <DATA ENCODING="XMLValues" I18N="true">

<Values version="2.0">
  <value name="xml">&lt;?xml version="1.0"?&gt;
&lt;PurchaseOrderRequest xmlns:xsi="http://www.w3.org/2001/XMLSchema-instance" xsi:noNamespaceSchemaLocation="OrderRequest.xsd"&gt;
   &lt;PurchaseOrder&gt;Purchase Order %PONumber% not found&lt;/PurchaseOrder&gt;
&lt;/PurchaseOrderRequest&gt;
</value>
  <record name="type" javaclass="com.wm.util.Values">
    <value name="node_type">record</value>
    <value name="node_subtype">unknown</value>
    <value name="node_comment"></value>
    <record name="node_hints" javaclass="com.wm.util.Values">
      <value name="field_usereditable">true</value>
      <value name="field_largerEditor">false</value>
      <value name="field_password">false</value>
    </record>
    <value name="is_public">false</value>
    <value name="field_name">PORequestXml</value>
    <value name="field_type">string</value>
    <value name="field_dim">0</value>
    <array name="field_options" type="value" depth="1">
    </array>
    <value name="nillable">true</value>
    <value name="form_qualified">false</value>
    <value name="is_global">false</value>
  </record>
</Values>
</DATA>
</MAPSET>
</MAP>
</SEQUENCE>
</BRANCH>
</FLOW>
