<?xml version="1.0" encoding="UTF-8"?>

<FLOW VERSION="3.0" CLEANUP="true">
  <COMMENT>Success</COMMENT>

  <!-- nodes -->

<SEQUENCE TIMEOUT="" EXIT-ON="SUCCESS">
  <COMMENT>Success</COMMENT>

  <!-- nodes -->

<SEQUENCE TIMEOUT="" EXIT-ON="FAILURE">
  <COMMENT>try block (exit on failure)</COMMENT>

  <!-- nodes -->

<INVOKE TIMEOUT="" SERVICE="wmSalesforceConnector_v42.lookup.interactions:describeGlobal" VALIDATE-IN="$none" VALIDATE-OUT="$none">
  <COMMENT></COMMENT>

  <!-- nodes -->

<MAP MODE="INPUT">
  <MAPTARGET>

<Values version="2.0">
  <record name="xml" javaclass="com.wm.util.Values">
    <value name="node_type">record</value>
    <value name="node_subtype">unknown</value>
    <value name="is_public">false</value>
    <value name="field_type">record</value>
    <value name="field_dim">0</value>
    <value name="wrapper_type">IData</value>
    <value name="nillable">true</value>
    <value name="form_qualified">false</value>
    <value name="is_global">false</value>
    <array name="rec_fields" type="record" depth="1">
      <record javaclass="com.wm.util.Values">
        <value name="node_type">record</value>
        <value name="node_subtype">unknown</value>
        <value name="is_public">false</value>
        <value name="field_name">describeGlobalInput</value>
        <value name="field_type">record</value>
        <value name="field_dim">0</value>
        <value name="wrapper_type">IData</value>
        <value name="nillable">true</value>
        <value name="form_qualified">false</value>
        <value name="is_global">false</value>
        <array name="rec_fields" type="record" depth="1">
          <record javaclass="com.wm.util.Values">
            <value name="node_type">record</value>
            <value name="node_subtype">unknown</value>
            <value name="is_public">false</value>
            <value name="field_name">requestHeaders</value>
            <value name="field_type">record</value>
            <value name="field_dim">0</value>
            <value name="wrapper_type">IData</value>
            <value name="nillable">true</value>
            <value name="form_qualified">false</value>
            <value name="is_global">false</value>
            <array name="rec_fields" type="record" depth="1">
            </array>
            <value name="modifiable">true</value>
          </record>
          <record javaclass="com.wm.util.Values">
            <value name="node_type">record</value>
            <value name="node_subtype">unknown</value>
            <value name="is_public">false</value>
            <value name="field_name">requestBody</value>
            <value name="field_type">record</value>
            <value name="field_dim">0</value>
            <value name="wrapper_type">IData</value>
            <value name="nillable">true</value>
            <value name="form_qualified">false</value>
            <value name="is_global">false</value>
            <array name="rec_fields" type="record" depth="1">
              <record javaclass="com.wm.util.Values">
                <value name="node_type">record</value>
                <value name="node_subtype">unknown</value>
                <value name="is_public">false</value>
                <value name="field_name">tns:describeGlobal</value>
                <value name="field_type">record</value>
                <value name="field_dim">0</value>
                <value name="field_opt">true</value>
                <value name="wrapper_type">IData</value>
                <value name="nillable">false</value>
                <value name="field_xmlns">urn:partner.soap.sforce.com</value>
                <value name="form_qualified">false</value>
                <value name="is_global">false</value>
                <array name="rec_fields" type="record" depth="1">
                  <record javaclass="com.wm.util.Values">
                    <value name="node_type">unknown</value>
                    <value name="node_subtype">unknown</value>
                    <value name="is_public">false</value>
                    <value name="field_name">*body</value>
                    <value name="field_type">string</value>
                    <value name="field_dim">0</value>
                    <value name="nillable">true</value>
                    <value name="form_qualified">false</value>
                    <value name="is_global">false</value>
                  </record>
                </array>
                <value name="rec_closed">true</value>
                <value name="modifiable">true</value>
              </record>
            </array>
            <value name="modifiable">true</value>
          </record>
        </array>
        <value name="modifiable">true</value>
      </record>
      <record javaclass="com.wm.util.Values">
        <value name="node_type">unknown</value>
        <value name="node_subtype">unknown</value>
        <value name="is_public">false</value>
        <value name="field_name">$connectionAlias</value>
        <value name="field_type">string</value>
        <value name="field_dim">0</value>
        <value name="field_opt">true</value>
        <value name="nillable">true</value>
        <value name="form_qualified">false</value>
        <value name="is_global">false</value>
      </record>
    </array>
    <value name="modifiable">true</value>
  </record>
</Values>
</MAPTARGET>
  <MAPSOURCE>

<Values version="2.0">
  <record name="xml" javaclass="com.wm.util.Values">
    <value name="node_type">record</value>
    <value name="node_subtype">unknown</value>
    <value name="is_public">false</value>
    <value name="field_type">record</value>
    <value name="field_dim">0</value>
    <value name="wrapper_type">IData</value>
    <value name="nillable">true</value>
    <value name="form_qualified">false</value>
    <value name="is_global">false</value>
    <array name="rec_fields" type="record" depth="1">
      <record javaclass="com.wm.util.Values">
        <value name="node_type">unknown</value>
        <value name="node_subtype">unknown</value>
        <value name="node_comment"></value>
        <record name="node_hints" javaclass="com.wm.util.Values">
          <value name="field_usereditable">true</value>
          <value name="field_largerEditor">false</value>
          <value name="field_password">false</value>
        </record>
        <value name="is_public">false</value>
        <value name="field_name">connectionAlias</value>
        <value name="field_type">string</value>
        <value name="field_dim">0</value>
        <array name="field_options" type="value" depth="1">
        </array>
        <value name="nillable">true</value>
        <value name="form_qualified">false</value>
        <value name="is_global">false</value>
      </record>
      <record javaclass="com.wm.util.Values">
        <value name="node_type">unknown</value>
        <value name="node_subtype">unknown</value>
        <value name="node_comment"></value>
        <record name="node_hints" javaclass="com.wm.util.Values">
          <value name="field_usereditable">true</value>
          <value name="field_largerEditor">false</value>
          <value name="field_password">false</value>
        </record>
        <value name="is_public">false</value>
        <value name="field_name">serviceName</value>
        <value name="field_type">string</value>
        <value name="field_dim">0</value>
        <array name="field_options" type="value" depth="1">
        </array>
        <value name="nillable">false</value>
        <value name="form_qualified">false</value>
        <value name="is_global">false</value>
      </record>
      <record javaclass="com.wm.util.Values">
        <value name="node_type">record</value>
        <value name="node_subtype">unknown</value>
        <value name="node_comment"></value>
        <record name="node_hints" javaclass="com.wm.util.Values">
          <value name="field_usereditable">true</value>
          <value name="field_largerEditor">false</value>
          <value name="field_password">false</value>
        </record>
        <value name="is_public">false</value>
        <value name="field_name">interactionName</value>
        <value name="field_type">string</value>
        <value name="field_dim">0</value>
        <value name="field_opt">true</value>
        <array name="field_options" type="value" depth="1">
        </array>
        <value name="nillable">true</value>
        <value name="form_qualified">false</value>
        <value name="is_global">false</value>
      </record>
      <record javaclass="com.wm.util.Values">
        <value name="node_type">record</value>
        <value name="node_subtype">unknown</value>
        <value name="node_comment"></value>
        <record name="node_hints" javaclass="com.wm.util.Values">
          <value name="field_usereditable">true</value>
          <value name="field_largerEditor">false</value>
          <value name="field_password">false</value>
        </record>
        <value name="is_public">false</value>
        <value name="field_name">type</value>
        <value name="field_type">string</value>
        <value name="field_dim">0</value>
        <array name="field_options" type="value" depth="1">
        </array>
        <value name="nillable">true</value>
        <value name="form_qualified">false</value>
        <value name="is_global">false</value>
      </record>
      <record javaclass="com.wm.util.Values">
        <value name="node_type">record</value>
        <value name="node_subtype">unknown</value>
        <value name="node_comment"></value>
        <record name="node_hints" javaclass="com.wm.util.Values">
          <value name="field_largerEditor">false</value>
          <value name="field_password">false</value>
        </record>
        <value name="is_public">false</value>
        <value name="field_name">context</value>
        <value name="field_type">recref</value>
        <value name="field_dim">0</value>
        <value name="field_opt">true</value>
        <value name="wrapper_type">IData</value>
        <value name="nillable">true</value>
        <value name="form_qualified">false</value>
        <value name="is_global">false</value>
        <value name="rec_closed">true</value>
        <value name="modifiable">true</value>
        <value name="rec_ref">wm.cloudstreams.service.common.lookup.docs:boListType</value>
      </record>
    </array>
    <value name="modifiable">true</value>
  </record>
</Values>
</MAPSOURCE>

  <!-- nodes -->

<MAPCOPY FROM="/connectionAlias;1;0" TO="/$connectionAlias;1;0">
</MAPCOPY>

<MAPSET NAME="Setter" OVERWRITE="true" VARIABLES="false" GLOBALVARIABLES="false" FIELD="/describeGlobalInput;2;0/requestBody;2;0/tns:describeGlobal;2;0">
  <DATA ENCODING="XMLValues" I18N="true">

<Values version="2.0">
  <record name="xml" javaclass="com.wm.util.Values">
    <value name="*body"></value>
  </record>
  <record name="type" javaclass="com.wm.util.Values">
    <value name="node_type">record</value>
    <value name="node_subtype">unknown</value>
    <value name="is_public">false</value>
    <value name="field_name">tns:describeGlobal</value>
    <value name="field_type">record</value>
    <value name="field_dim">0</value>
    <value name="field_opt">true</value>
    <value name="wrapper_type">IData</value>
    <value name="nillable">false</value>
    <value name="field_xmlns">urn:partner.soap.sforce.com</value>
    <value name="form_qualified">false</value>
    <value name="is_global">false</value>
    <array name="rec_fields" type="record" depth="1">
      <record javaclass="com.wm.util.Values">
        <value name="node_type">record</value>
        <value name="node_subtype">unknown</value>
        <value name="is_public">false</value>
        <value name="field_name">*body</value>
        <value name="field_type">string</value>
        <value name="field_dim">0</value>
        <value name="nillable">true</value>
        <value name="form_qualified">false</value>
        <value name="is_global">false</value>
      </record>
    </array>
    <value name="rec_closed">true</value>
    <value name="modifiable">true</value>
  </record>
</Values>
</DATA>
</MAPSET>
</MAP>
</INVOKE>

<BRANCH TIMEOUT="" SWITCH="/describeGlobalOutput/responseBody">
  <COMMENT></COMMENT>

  <!-- nodes -->

<SEQUENCE NAME="$default" TIMEOUT="" EXIT-ON="FAILURE">
  <COMMENT></COMMENT>

  <!-- nodes -->

<INVOKE TIMEOUT="" SERVICE="wmSalesforceConnector_v42.lookup.filters:filterObjectList" VALIDATE-IN="$none" VALIDATE-OUT="$none">
  <COMMENT></COMMENT>

  <!-- nodes -->

<MAP MODE="INPUT">
  <MAPTARGET>

<Values version="2.0">
  <record name="xml" javaclass="com.wm.util.Values">
    <value name="node_type">record</value>
    <value name="node_subtype">unknown</value>
    <value name="is_public">false</value>
    <value name="field_type">record</value>
    <value name="field_dim">0</value>
    <value name="wrapper_type">IData</value>
    <value name="nillable">true</value>
    <value name="form_qualified">false</value>
    <value name="is_global">false</value>
    <array name="rec_fields" type="record" depth="1">
      <record javaclass="com.wm.util.Values">
        <value name="node_type">record</value>
        <value name="node_subtype">unknown</value>
        <value name="node_comment"></value>
        <record name="node_hints" javaclass="com.wm.util.Values">
          <value name="field_usereditable">true</value>
          <value name="field_largerEditor">false</value>
          <value name="field_password">false</value>
        </record>
        <value name="is_public">false</value>
        <value name="field_name">interactionName</value>
        <value name="field_type">string</value>
        <value name="field_dim">0</value>
        <array name="field_options" type="value" depth="1">
        </array>
        <value name="nillable">true</value>
        <value name="form_qualified">false</value>
        <value name="is_global">false</value>
      </record>
      <record javaclass="com.wm.util.Values">
        <value name="node_type">record</value>
        <value name="node_subtype">unknown</value>
        <value name="node_comment"></value>
        <record name="node_hints" javaclass="com.wm.util.Values">
          <value name="field_largerEditor">false</value>
          <value name="field_password">false</value>
        </record>
        <value name="is_public">false</value>
        <value name="field_name">objects</value>
        <value name="field_type">recref</value>
        <value name="field_dim">1</value>
        <value name="wrapper_type">IData</value>
        <value name="nillable">true</value>
        <value name="form_qualified">false</value>
        <value name="is_global">false</value>
        <value name="is_soap_array_encoding_used">false</value>
        <value name="rec_closed">true</value>
        <value name="modifiable">true</value>
        <value name="rec_ref">wmSalesforceConnector_v42.doctypes:docTypeRef_tns_DescribeGlobalSObjectResult</value>
      </record>
    </array>
    <value name="modifiable">true</value>
  </record>
</Values>
</MAPTARGET>
  <MAPSOURCE>

<Values version="2.0">
  <record name="xml" javaclass="com.wm.util.Values">
    <value name="node_type">record</value>
    <value name="node_subtype">unknown</value>
    <value name="is_public">false</value>
    <value name="field_type">record</value>
    <value name="field_dim">0</value>
    <value name="wrapper_type">IData</value>
    <value name="nillable">true</value>
    <value name="form_qualified">false</value>
    <value name="is_global">false</value>
    <array name="rec_fields" type="record" depth="1">
      <record javaclass="com.wm.util.Values">
        <value name="node_type">record</value>
        <value name="node_subtype">unknown</value>
        <value name="is_public">false</value>
        <value name="field_name">describeGlobalInput</value>
        <value name="field_type">record</value>
        <value name="field_dim">0</value>
        <value name="wrapper_type">IData</value>
        <value name="nillable">true</value>
        <value name="form_qualified">false</value>
        <value name="is_global">false</value>
        <array name="rec_fields" type="record" depth="1">
        </array>
        <value name="modifiable">true</value>
      </record>
      <record javaclass="com.wm.util.Values">
        <value name="node_type">unknown</value>
        <value name="node_subtype">unknown</value>
        <value name="is_public">false</value>
        <value name="field_name">$connectionAlias</value>
        <value name="field_type">string</value>
        <value name="field_dim">0</value>
        <value name="nillable">true</value>
        <value name="form_qualified">false</value>
        <value name="is_global">false</value>
      </record>
      <record javaclass="com.wm.util.Values">
        <value name="node_type">unknown</value>
        <value name="node_subtype">unknown</value>
        <value name="node_comment"></value>
        <record name="node_hints" javaclass="com.wm.util.Values">
          <value name="field_usereditable">true</value>
          <value name="field_largerEditor">false</value>
          <value name="field_password">false</value>
        </record>
        <value name="is_public">false</value>
        <value name="field_name">connectionAlias</value>
        <value name="field_type">string</value>
        <value name="field_dim">0</value>
        <array name="field_options" type="value" depth="1">
        </array>
        <value name="nillable">true</value>
        <value name="form_qualified">false</value>
        <value name="is_global">false</value>
      </record>
      <record javaclass="com.wm.util.Values">
        <value name="node_type">unknown</value>
        <value name="node_subtype">unknown</value>
        <value name="node_comment"></value>
        <record name="node_hints" javaclass="com.wm.util.Values">
          <value name="field_usereditable">true</value>
          <value name="field_largerEditor">false</value>
          <value name="field_password">false</value>
        </record>
        <value name="is_public">false</value>
        <value name="field_name">serviceName</value>
        <value name="field_type">string</value>
        <value name="field_dim">0</value>
        <array name="field_options" type="value" depth="1">
        </array>
        <value name="nillable">false</value>
        <value name="form_qualified">false</value>
        <value name="is_global">false</value>
      </record>
      <record javaclass="com.wm.util.Values">
        <value name="node_type">record</value>
        <value name="node_subtype">unknown</value>
        <value name="node_comment"></value>
        <record name="node_hints" javaclass="com.wm.util.Values">
          <value name="field_usereditable">true</value>
          <value name="field_largerEditor">false</value>
          <value name="field_password">false</value>
        </record>
        <value name="is_public">false</value>
        <value name="field_name">interactionName</value>
        <value name="field_type">string</value>
        <value name="field_dim">0</value>
        <value name="field_opt">true</value>
        <array name="field_options" type="value" depth="1">
        </array>
        <value name="nillable">true</value>
        <value name="form_qualified">false</value>
        <value name="is_global">false</value>
      </record>
      <record javaclass="com.wm.util.Values">
        <value name="node_type">record</value>
        <value name="node_subtype">unknown</value>
        <value name="node_comment"></value>
        <record name="node_hints" javaclass="com.wm.util.Values">
          <value name="field_usereditable">true</value>
          <value name="field_largerEditor">false</value>
          <value name="field_password">false</value>
        </record>
        <value name="is_public">false</value>
        <value name="field_name">type</value>
        <value name="field_type">string</value>
        <value name="field_dim">0</value>
        <array name="field_options" type="value" depth="1">
        </array>
        <value name="nillable">true</value>
        <value name="form_qualified">false</value>
        <value name="is_global">false</value>
      </record>
      <record javaclass="com.wm.util.Values">
        <value name="node_type">record</value>
        <value name="node_subtype">unknown</value>
        <value name="node_comment"></value>
        <record name="node_hints" javaclass="com.wm.util.Values">
          <value name="field_largerEditor">false</value>
          <value name="field_password">false</value>
        </record>
        <value name="is_public">false</value>
        <value name="field_name">context</value>
        <value name="field_type">recref</value>
        <value name="field_dim">0</value>
        <value name="field_opt">true</value>
        <value name="wrapper_type">IData</value>
        <value name="nillable">true</value>
        <value name="form_qualified">false</value>
        <value name="is_global">false</value>
        <value name="rec_closed">true</value>
        <value name="modifiable">true</value>
        <value name="rec_ref">wm.cloudstreams.service.common.lookup.docs:boListType</value>
      </record>
      <record javaclass="com.wm.util.Values">
        <value name="node_type">record</value>
        <value name="node_subtype">unknown</value>
        <value name="is_public">false</value>
        <value name="field_name">describeGlobalOutput</value>
        <value name="field_type">record</value>
        <value name="field_dim">0</value>
        <value name="wrapper_type">IData</value>
        <value name="nillable">true</value>
        <value name="form_qualified">false</value>
        <value name="is_global">false</value>
        <array name="rec_fields" type="record" depth="1">
          <record javaclass="com.wm.util.Values">
            <value name="node_type">record</value>
            <value name="node_subtype">unknown</value>
            <value name="is_public">false</value>
            <value name="field_name">responseHeaders</value>
            <value name="field_type">record</value>
            <value name="field_dim">0</value>
            <value name="field_opt">true</value>
            <value name="wrapper_type">IData</value>
            <value name="nillable">true</value>
            <value name="form_qualified">false</value>
            <value name="is_global">false</value>
            <array name="rec_fields" type="record" depth="1">
            </array>
            <value name="modifiable">true</value>
          </record>
          <record javaclass="com.wm.util.Values">
            <value name="node_type">record</value>
            <value name="node_subtype">unknown</value>
            <value name="is_public">false</value>
            <value name="field_name">responseBody</value>
            <value name="field_type">record</value>
            <value name="field_dim">0</value>
            <value name="field_opt">true</value>
            <value name="wrapper_type">IData</value>
            <value name="nillable">true</value>
            <value name="form_qualified">false</value>
            <value name="is_global">false</value>
            <array name="rec_fields" type="record" depth="1">
              <record javaclass="com.wm.util.Values">
                <value name="node_type">record</value>
                <value name="node_subtype">unknown</value>
                <value name="is_public">false</value>
                <value name="field_name">tns:describeGlobalResponse</value>
                <value name="field_type">record</value>
                <value name="field_dim">0</value>
                <value name="field_opt">true</value>
                <value name="wrapper_type">IData</value>
                <value name="nillable">false</value>
                <value name="field_xmlns">urn:partner.soap.sforce.com</value>
                <value name="form_qualified">false</value>
                <value name="is_global">false</value>
                <array name="rec_fields" type="record" depth="1">
                  <record javaclass="com.wm.util.Values">
                    <value name="node_type">record</value>
                    <value name="node_subtype">unknown</value>
                    <value name="is_public">false</value>
                    <value name="field_name">tns:result</value>
                    <value name="field_type">record</value>
                    <value name="field_dim">0</value>
                    <value name="wrapper_type">IData</value>
                    <value name="nillable">true</value>
                    <value name="field_xmlns">urn:partner.soap.sforce.com</value>
                    <value name="form_qualified">false</value>
                    <value name="is_global">false</value>
                    <value name="schemaDomain">com.softwareag.cloudstreams.salesforce_v42#SforceService</value>
                    <value name="docTypeDomain">2c652558c1824cdcaacd432d0669357a</value>
                    <array name="rec_fields" type="record" depth="1">
                      <record javaclass="com.wm.util.Values">
                        <value name="node_type">record</value>
                        <value name="node_subtype">unknown</value>
                        <value name="is_public">false</value>
                        <value name="field_name">tns:encoding</value>
                        <value name="field_type">string</value>
                        <value name="field_dim">0</value>
                        <record name="field_content_type" javaclass="com.wm.util.Values">
                          <value name="contentType">1</value>
                          <value name="internalType">reference</value>
                          <value name="dataTypeVersion">dtVersion2</value>
                          <array name="targetNames" type="record" depth="1">
                            <record javaclass="com.wm.util.Values">
                              <value name="xmlns">http://www.w3.org/2001/XMLSchema</value>
                              <value name="ncName">string</value>
                            </record>
                          </array>
                        </record>
                        <value name="nillable">true</value>
                        <value name="field_xmlns">urn:partner.soap.sforce.com</value>
                        <value name="form_qualified">true</value>
                        <value name="is_global">false</value>
                      </record>
                      <record javaclass="com.wm.util.Values">
                        <value name="node_type">record</value>
                        <value name="node_subtype">unknown</value>
                        <value name="is_public">false</value>
                        <value name="field_name">tns:maxBatchSize</value>
                        <value name="field_type">string</value>
                        <value name="field_dim">0</value>
                        <record name="field_content_type" javaclass="com.wm.util.Values">
                          <value name="contentType">1</value>
                          <value name="internalType">reference</value>
                          <value name="dataTypeVersion">dtVersion2</value>
                          <array name="targetNames" type="record" depth="1">
                            <record javaclass="com.wm.util.Values">
                              <value name="xmlns">http://www.w3.org/2001/XMLSchema</value>
                              <value name="ncName">int</value>
                            </record>
                          </array>
                        </record>
                        <value name="nillable">false</value>
                        <value name="field_xmlns">urn:partner.soap.sforce.com</value>
                        <value name="form_qualified">true</value>
                        <value name="is_global">false</value>
                      </record>
                      <record javaclass="com.wm.util.Values">
                        <value name="node_type">record</value>
                        <value name="node_subtype">unknown</value>
                        <value name="is_public">false</value>
                        <value name="field_name">tns:sobjects</value>
                        <value name="field_type">record</value>
                        <value name="field_dim">1</value>
                        <value name="field_opt">true</value>
                        <value name="wrapper_type">IData</value>
                        <value name="nillable">true</value>
                        <value name="field_xmlns">urn:partner.soap.sforce.com</value>
                        <value name="form_qualified">false</value>
                        <value name="is_global">false</value>
                        <value name="schemaDomain">com.softwareag.cloudstreams.salesforce_v42#SforceService</value>
                        <value name="docTypeDomain">2c652558c1824cdcaacd432d0669357a</value>
                        <value name="is_soap_array_encoding_used">false</value>
                        <array name="rec_fields" type="record" depth="1">
                          <record javaclass="com.wm.util.Values">
                            <value name="node_type">record</value>
                            <value name="node_subtype">unknown</value>
                            <value name="is_public">false</value>
                            <value name="field_name">tns:activateable</value>
                            <value name="field_type">string</value>
                            <value name="field_dim">0</value>
                            <record name="field_content_type" javaclass="com.wm.util.Values">
                              <value name="contentType">1</value>
                              <value name="internalType">reference</value>
                              <value name="dataTypeVersion">dtVersion2</value>
                              <array name="targetNames" type="record" depth="1">
                                <record javaclass="com.wm.util.Values">
                                  <value name="xmlns">http://www.w3.org/2001/XMLSchema</value>
                                  <value name="ncName">boolean</value>
                                </record>
                              </array>
                            </record>
                            <value name="nillable">false</value>
                            <value name="field_xmlns">urn:partner.soap.sforce.com</value>
                            <value name="form_qualified">true</value>
                            <value name="is_global">false</value>
                          </record>
                          <record javaclass="com.wm.util.Values">
                            <value name="node_type">record</value>
                            <value name="node_subtype">unknown</value>
                            <value name="is_public">false</value>
                            <value name="field_name">tns:createable</value>
                            <value name="field_type">string</value>
                            <value name="field_dim">0</value>
                            <record name="field_content_type" javaclass="com.wm.util.Values">
                              <value name="contentType">1</value>
                              <value name="internalType">reference</value>
                              <value name="dataTypeVersion">dtVersion2</value>
                              <array name="targetNames" type="record" depth="1">
                                <record javaclass="com.wm.util.Values">
                                  <value name="xmlns">http://www.w3.org/2001/XMLSchema</value>
                                  <value name="ncName">boolean</value>
                                </record>
                              </array>
                            </record>
                            <value name="nillable">false</value>
                            <value name="field_xmlns">urn:partner.soap.sforce.com</value>
                            <value name="form_qualified">true</value>
                            <value name="is_global">false</value>
                          </record>
                          <record javaclass="com.wm.util.Values">
                            <value name="node_type">record</value>
                            <value name="node_subtype">unknown</value>
                            <value name="is_public">false</value>
                            <value name="field_name">tns:custom</value>
                            <value name="field_type">string</value>
                            <value name="field_dim">0</value>
                            <record name="field_content_type" javaclass="com.wm.util.Values">
                              <value name="contentType">1</value>
                              <value name="internalType">reference</value>
                              <value name="dataTypeVersion">dtVersion2</value>
                              <array name="targetNames" type="record" depth="1">
                                <record javaclass="com.wm.util.Values">
                                  <value name="xmlns">http://www.w3.org/2001/XMLSchema</value>
                                  <value name="ncName">boolean</value>
                                </record>
                              </array>
                            </record>
                            <value name="nillable">false</value>
                            <value name="field_xmlns">urn:partner.soap.sforce.com</value>
                            <value name="form_qualified">true</value>
                            <value name="is_global">false</value>
                          </record>
                          <record javaclass="com.wm.util.Values">
                            <value name="node_type">record</value>
                            <value name="node_subtype">unknown</value>
                            <value name="is_public">false</value>
                            <value name="field_name">tns:customSetting</value>
                            <value name="field_type">string</value>
                            <value name="field_dim">0</value>
                            <record name="field_content_type" javaclass="com.wm.util.Values">
                              <value name="contentType">1</value>
                              <value name="internalType">reference</value>
                              <value name="dataTypeVersion">dtVersion2</value>
                              <array name="targetNames" type="record" depth="1">
                                <record javaclass="com.wm.util.Values">
                                  <value name="xmlns">http://www.w3.org/2001/XMLSchema</value>
                                  <value name="ncName">boolean</value>
                                </record>
                              </array>
                            </record>
                            <value name="nillable">false</value>
                            <value name="field_xmlns">urn:partner.soap.sforce.com</value>
                            <value name="form_qualified">true</value>
                            <value name="is_global">false</value>
                          </record>
                          <record javaclass="com.wm.util.Values">
                            <value name="node_type">record</value>
                            <value name="node_subtype">unknown</value>
                            <value name="is_public">false</value>
                            <value name="field_name">tns:deletable</value>
                            <value name="field_type">string</value>
                            <value name="field_dim">0</value>
                            <record name="field_content_type" javaclass="com.wm.util.Values">
                              <value name="contentType">1</value>
                              <value name="internalType">reference</value>
                              <value name="dataTypeVersion">dtVersion2</value>
                              <array name="targetNames" type="record" depth="1">
                                <record javaclass="com.wm.util.Values">
                                  <value name="xmlns">http://www.w3.org/2001/XMLSchema</value>
                                  <value name="ncName">boolean</value>
                                </record>
                              </array>
                            </record>
                            <value name="nillable">false</value>
                            <value name="field_xmlns">urn:partner.soap.sforce.com</value>
                            <value name="form_qualified">true</value>
                            <value name="is_global">false</value>
                          </record>
                          <record javaclass="com.wm.util.Values">
                            <value name="node_type">record</value>
                            <value name="node_subtype">unknown</value>
                            <value name="is_public">false</value>
                            <value name="field_name">tns:deprecatedAndHidden</value>
                            <value name="field_type">string</value>
                            <value name="field_dim">0</value>
                            <record name="field_content_type" javaclass="com.wm.util.Values">
                              <value name="contentType">1</value>
                              <value name="internalType">reference</value>
                              <value name="dataTypeVersion">dtVersion2</value>
                              <array name="targetNames" type="record" depth="1">
                                <record javaclass="com.wm.util.Values">
                                  <value name="xmlns">http://www.w3.org/2001/XMLSchema</value>
                                  <value name="ncName">boolean</value>
                                </record>
                              </array>
                            </record>
                            <value name="nillable">false</value>
                            <value name="field_xmlns">urn:partner.soap.sforce.com</value>
                            <value name="form_qualified">true</value>
                            <value name="is_global">false</value>
                          </record>
                          <record javaclass="com.wm.util.Values">
                            <value name="node_type">record</value>
                            <value name="node_subtype">unknown</value>
                            <value name="is_public">false</value>
                            <value name="field_name">tns:feedEnabled</value>
                            <value name="field_type">string</value>
                            <value name="field_dim">0</value>
                            <record name="field_content_type" javaclass="com.wm.util.Values">
                              <value name="contentType">1</value>
                              <value name="internalType">reference</value>
                              <value name="dataTypeVersion">dtVersion2</value>
                              <array name="targetNames" type="record" depth="1">
                                <record javaclass="com.wm.util.Values">
                                  <value name="xmlns">http://www.w3.org/2001/XMLSchema</value>
                                  <value name="ncName">boolean</value>
                                </record>
                              </array>
                            </record>
                            <value name="nillable">false</value>
                            <value name="field_xmlns">urn:partner.soap.sforce.com</value>
                            <value name="form_qualified">true</value>
                            <value name="is_global">false</value>
                          </record>
                          <record javaclass="com.wm.util.Values">
                            <value name="node_type">record</value>
                            <value name="node_subtype">unknown</value>
                            <value name="is_public">false</value>
                            <value name="field_name">tns:hasSubtypes</value>
                            <value name="field_type">string</value>
                            <value name="field_dim">0</value>
                            <record name="field_content_type" javaclass="com.wm.util.Values">
                              <value name="contentType">1</value>
                              <value name="internalType">reference</value>
                              <value name="dataTypeVersion">dtVersion2</value>
                              <array name="targetNames" type="record" depth="1">
                                <record javaclass="com.wm.util.Values">
                                  <value name="xmlns">http://www.w3.org/2001/XMLSchema</value>
                                  <value name="ncName">boolean</value>
                                </record>
                              </array>
                            </record>
                            <value name="nillable">false</value>
                            <value name="field_xmlns">urn:partner.soap.sforce.com</value>
                            <value name="form_qualified">true</value>
                            <value name="is_global">false</value>
                          </record>
                          <record javaclass="com.wm.util.Values">
                            <value name="node_type">record</value>
                            <value name="node_subtype">unknown</value>
                            <value name="is_public">false</value>
                            <value name="field_name">tns:idEnabled</value>
                            <value name="field_type">string</value>
                            <value name="field_dim">0</value>
                            <record name="field_content_type" javaclass="com.wm.util.Values">
                              <value name="contentType">1</value>
                              <value name="internalType">reference</value>
                              <value name="dataTypeVersion">dtVersion2</value>
                              <array name="targetNames" type="record" depth="1">
                                <record javaclass="com.wm.util.Values">
                                  <value name="xmlns">http://www.w3.org/2001/XMLSchema</value>
                                  <value name="ncName">boolean</value>
                                </record>
                              </array>
                            </record>
                            <value name="nillable">false</value>
                            <value name="field_xmlns">urn:partner.soap.sforce.com</value>
                            <value name="form_qualified">true</value>
                            <value name="is_global">false</value>
                          </record>
                          <record javaclass="com.wm.util.Values">
                            <value name="node_type">record</value>
                            <value name="node_subtype">unknown</value>
                            <value name="is_public">false</value>
                            <value name="field_name">tns:isSubtype</value>
                            <value name="field_type">string</value>
                            <value name="field_dim">0</value>
                            <record name="field_content_type" javaclass="com.wm.util.Values">
                              <value name="contentType">1</value>
                              <value name="internalType">reference</value>
                              <value name="dataTypeVersion">dtVersion2</value>
                              <array name="targetNames" type="record" depth="1">
                                <record javaclass="com.wm.util.Values">
                                  <value name="xmlns">http://www.w3.org/2001/XMLSchema</value>
                                  <value name="ncName">boolean</value>
                                </record>
                              </array>
                            </record>
                            <value name="nillable">false</value>
                            <value name="field_xmlns">urn:partner.soap.sforce.com</value>
                            <value name="form_qualified">true</value>
                            <value name="is_global">false</value>
                          </record>
                          <record javaclass="com.wm.util.Values">
                            <value name="node_type">record</value>
                            <value name="node_subtype">unknown</value>
                            <value name="is_public">false</value>
                            <value name="field_name">tns:keyPrefix</value>
                            <value name="field_type">string</value>
                            <value name="field_dim">0</value>
                            <record name="field_content_type" javaclass="com.wm.util.Values">
                              <value name="contentType">1</value>
                              <value name="internalType">reference</value>
                              <value name="dataTypeVersion">dtVersion2</value>
                              <array name="targetNames" type="record" depth="1">
                                <record javaclass="com.wm.util.Values">
                                  <value name="xmlns">http://www.w3.org/2001/XMLSchema</value>
                                  <value name="ncName">string</value>
                                </record>
                              </array>
                            </record>
                            <value name="nillable">true</value>
                            <value name="field_xmlns">urn:partner.soap.sforce.com</value>
                            <value name="form_qualified">true</value>
                            <value name="is_global">false</value>
                          </record>
                          <record javaclass="com.wm.util.Values">
                            <value name="node_type">record</value>
                            <value name="node_subtype">unknown</value>
                            <value name="is_public">false</value>
                            <value name="field_name">tns:label</value>
                            <value name="field_type">string</value>
                            <value name="field_dim">0</value>
                            <record name="field_content_type" javaclass="com.wm.util.Values">
                              <value name="contentType">1</value>
                              <value name="internalType">reference</value>
                              <value name="dataTypeVersion">dtVersion2</value>
                              <array name="targetNames" type="record" depth="1">
                                <record javaclass="com.wm.util.Values">
                                  <value name="xmlns">http://www.w3.org/2001/XMLSchema</value>
                                  <value name="ncName">string</value>
                                </record>
                              </array>
                            </record>
                            <value name="nillable">false</value>
                            <value name="field_xmlns">urn:partner.soap.sforce.com</value>
                            <value name="form_qualified">true</value>
                            <value name="is_global">false</value>
                          </record>
                          <record javaclass="com.wm.util.Values">
                            <value name="node_type">record</value>
                            <value name="node_subtype">unknown</value>
                            <value name="is_public">false</value>
                            <value name="field_name">tns:labelPlural</value>
                            <value name="field_type">string</value>
                            <value name="field_dim">0</value>
                            <record name="field_content_type" javaclass="com.wm.util.Values">
                              <value name="contentType">1</value>
                              <value name="internalType">reference</value>
                              <value name="dataTypeVersion">dtVersion2</value>
                              <array name="targetNames" type="record" depth="1">
                                <record javaclass="com.wm.util.Values">
                                  <value name="xmlns">http://www.w3.org/2001/XMLSchema</value>
                                  <value name="ncName">string</value>
                                </record>
                              </array>
                            </record>
                            <value name="nillable">false</value>
                            <value name="field_xmlns">urn:partner.soap.sforce.com</value>
                            <value name="form_qualified">true</value>
                            <value name="is_global">false</value>
                          </record>
                          <record javaclass="com.wm.util.Values">
                            <value name="node_type">record</value>
                            <value name="node_subtype">unknown</value>
                            <value name="is_public">false</value>
                            <value name="field_name">tns:layoutable</value>
                            <value name="field_type">string</value>
                            <value name="field_dim">0</value>
                            <record name="field_content_type" javaclass="com.wm.util.Values">
                              <value name="contentType">1</value>
                              <value name="internalType">reference</value>
                              <value name="dataTypeVersion">dtVersion2</value>
                              <array name="targetNames" type="record" depth="1">
                                <record javaclass="com.wm.util.Values">
                                  <value name="xmlns">http://www.w3.org/2001/XMLSchema</value>
                                  <value name="ncName">boolean</value>
                                </record>
                              </array>
                            </record>
                            <value name="nillable">false</value>
                            <value name="field_xmlns">urn:partner.soap.sforce.com</value>
                            <value name="form_qualified">true</value>
                            <value name="is_global">false</value>
                          </record>
                          <record javaclass="com.wm.util.Values">
                            <value name="node_type">record</value>
                            <value name="node_subtype">unknown</value>
                            <value name="is_public">false</value>
                            <value name="field_name">tns:mergeable</value>
                            <value name="field_type">string</value>
                            <value name="field_dim">0</value>
                            <record name="field_content_type" javaclass="com.wm.util.Values">
                              <value name="contentType">1</value>
                              <value name="internalType">reference</value>
                              <value name="dataTypeVersion">dtVersion2</value>
                              <array name="targetNames" type="record" depth="1">
                                <record javaclass="com.wm.util.Values">
                                  <value name="xmlns">http://www.w3.org/2001/XMLSchema</value>
                                  <value name="ncName">boolean</value>
                                </record>
                              </array>
                            </record>
                            <value name="nillable">false</value>
                            <value name="field_xmlns">urn:partner.soap.sforce.com</value>
                            <value name="form_qualified">true</value>
                            <value name="is_global">false</value>
                          </record>
                          <record javaclass="com.wm.util.Values">
                            <value name="node_type">record</value>
                            <value name="node_subtype">unknown</value>
                            <value name="is_public">false</value>
                            <value name="field_name">tns:mruEnabled</value>
                            <value name="field_type">string</value>
                            <value name="field_dim">0</value>
                            <record name="field_content_type" javaclass="com.wm.util.Values">
                              <value name="contentType">1</value>
                              <value name="internalType">reference</value>
                              <value name="dataTypeVersion">dtVersion2</value>
                              <array name="targetNames" type="record" depth="1">
                                <record javaclass="com.wm.util.Values">
                                  <value name="xmlns">http://www.w3.org/2001/XMLSchema</value>
                                  <value name="ncName">boolean</value>
                                </record>
                              </array>
                            </record>
                            <value name="nillable">false</value>
                            <value name="field_xmlns">urn:partner.soap.sforce.com</value>
                            <value name="form_qualified">true</value>
                            <value name="is_global">false</value>
                          </record>
                          <record javaclass="com.wm.util.Values">
                            <value name="node_type">record</value>
                            <value name="node_subtype">unknown</value>
                            <value name="is_public">false</value>
                            <value name="field_name">tns:name</value>
                            <value name="field_type">string</value>
                            <value name="field_dim">0</value>
                            <record name="field_content_type" javaclass="com.wm.util.Values">
                              <value name="contentType">1</value>
                              <value name="internalType">reference</value>
                              <value name="dataTypeVersion">dtVersion2</value>
                              <array name="targetNames" type="record" depth="1">
                                <record javaclass="com.wm.util.Values">
                                  <value name="xmlns">http://www.w3.org/2001/XMLSchema</value>
                                  <value name="ncName">string</value>
                                </record>
                              </array>
                            </record>
                            <value name="nillable">false</value>
                            <value name="field_xmlns">urn:partner.soap.sforce.com</value>
                            <value name="form_qualified">true</value>
                            <value name="is_global">false</value>
                          </record>
                          <record javaclass="com.wm.util.Values">
                            <value name="node_type">record</value>
                            <value name="node_subtype">unknown</value>
                            <value name="is_public">false</value>
                            <value name="field_name">tns:queryable</value>
                            <value name="field_type">string</value>
                            <value name="field_dim">0</value>
                            <record name="field_content_type" javaclass="com.wm.util.Values">
                              <value name="contentType">1</value>
                              <value name="internalType">reference</value>
                              <value name="dataTypeVersion">dtVersion2</value>
                              <array name="targetNames" type="record" depth="1">
                                <record javaclass="com.wm.util.Values">
                                  <value name="xmlns">http://www.w3.org/2001/XMLSchema</value>
                                  <value name="ncName">boolean</value>
                                </record>
                              </array>
                            </record>
                            <value name="nillable">false</value>
                            <value name="field_xmlns">urn:partner.soap.sforce.com</value>
                            <value name="form_qualified">true</value>
                            <value name="is_global">false</value>
                          </record>
                          <record javaclass="com.wm.util.Values">
                            <value name="node_type">record</value>
                            <value name="node_subtype">unknown</value>
                            <value name="is_public">false</value>
                            <value name="field_name">tns:replicateable</value>
                            <value name="field_type">string</value>
                            <value name="field_dim">0</value>
                            <record name="field_content_type" javaclass="com.wm.util.Values">
                              <value name="contentType">1</value>
                              <value name="internalType">reference</value>
                              <value name="dataTypeVersion">dtVersion2</value>
                              <array name="targetNames" type="record" depth="1">
                                <record javaclass="com.wm.util.Values">
                                  <value name="xmlns">http://www.w3.org/2001/XMLSchema</value>
                                  <value name="ncName">boolean</value>
                                </record>
                              </array>
                            </record>
                            <value name="nillable">false</value>
                            <value name="field_xmlns">urn:partner.soap.sforce.com</value>
                            <value name="form_qualified">true</value>
                            <value name="is_global">false</value>
                          </record>
                          <record javaclass="com.wm.util.Values">
                            <value name="node_type">record</value>
                            <value name="node_subtype">unknown</value>
                            <value name="is_public">false</value>
                            <value name="field_name">tns:retrieveable</value>
                            <value name="field_type">string</value>
                            <value name="field_dim">0</value>
                            <record name="field_content_type" javaclass="com.wm.util.Values">
                              <value name="contentType">1</value>
                              <value name="internalType">reference</value>
                              <value name="dataTypeVersion">dtVersion2</value>
                              <array name="targetNames" type="record" depth="1">
                                <record javaclass="com.wm.util.Values">
                                  <value name="xmlns">http://www.w3.org/2001/XMLSchema</value>
                                  <value name="ncName">boolean</value>
                                </record>
                              </array>
                            </record>
                            <value name="nillable">false</value>
                            <value name="field_xmlns">urn:partner.soap.sforce.com</value>
                            <value name="form_qualified">true</value>
                            <value name="is_global">false</value>
                          </record>
                          <record javaclass="com.wm.util.Values">
                            <value name="node_type">record</value>
                            <value name="node_subtype">unknown</value>
                            <value name="is_public">false</value>
                            <value name="field_name">tns:searchable</value>
                            <value name="field_type">string</value>
                            <value name="field_dim">0</value>
                            <record name="field_content_type" javaclass="com.wm.util.Values">
                              <value name="contentType">1</value>
                              <value name="internalType">reference</value>
                              <value name="dataTypeVersion">dtVersion2</value>
                              <array name="targetNames" type="record" depth="1">
                                <record javaclass="com.wm.util.Values">
                                  <value name="xmlns">http://www.w3.org/2001/XMLSchema</value>
                                  <value name="ncName">boolean</value>
                                </record>
                              </array>
                            </record>
                            <value name="nillable">false</value>
                            <value name="field_xmlns">urn:partner.soap.sforce.com</value>
                            <value name="form_qualified">true</value>
                            <value name="is_global">false</value>
                          </record>
                          <record javaclass="com.wm.util.Values">
                            <value name="node_type">record</value>
                            <value name="node_subtype">unknown</value>
                            <value name="is_public">false</value>
                            <value name="field_name">tns:triggerable</value>
                            <value name="field_type">string</value>
                            <value name="field_dim">0</value>
                            <record name="field_content_type" javaclass="com.wm.util.Values">
                              <value name="contentType">1</value>
                              <value name="internalType">reference</value>
                              <value name="dataTypeVersion">dtVersion2</value>
                              <array name="targetNames" type="record" depth="1">
                                <record javaclass="com.wm.util.Values">
                                  <value name="xmlns">http://www.w3.org/2001/XMLSchema</value>
                                  <value name="ncName">boolean</value>
                                </record>
                              </array>
                            </record>
                            <value name="nillable">false</value>
                            <value name="field_xmlns">urn:partner.soap.sforce.com</value>
                            <value name="form_qualified">true</value>
                            <value name="is_global">false</value>
                          </record>
                          <record javaclass="com.wm.util.Values">
                            <value name="node_type">record</value>
                            <value name="node_subtype">unknown</value>
                            <value name="is_public">false</value>
                            <value name="field_name">tns:undeletable</value>
                            <value name="field_type">string</value>
                            <value name="field_dim">0</value>
                            <record name="field_content_type" javaclass="com.wm.util.Values">
                              <value name="contentType">1</value>
                              <value name="internalType">reference</value>
                              <value name="dataTypeVersion">dtVersion2</value>
                              <array name="targetNames" type="record" depth="1">
                                <record javaclass="com.wm.util.Values">
                                  <value name="xmlns">http://www.w3.org/2001/XMLSchema</value>
                                  <value name="ncName">boolean</value>
                                </record>
                              </array>
                            </record>
                            <value name="nillable">false</value>
                            <value name="field_xmlns">urn:partner.soap.sforce.com</value>
                            <value name="form_qualified">true</value>
                            <value name="is_global">false</value>
                          </record>
                          <record javaclass="com.wm.util.Values">
                            <value name="node_type">record</value>
                            <value name="node_subtype">unknown</value>
                            <value name="is_public">false</value>
                            <value name="field_name">tns:updateable</value>
                            <value name="field_type">string</value>
                            <value name="field_dim">0</value>
                            <record name="field_content_type" javaclass="com.wm.util.Values">
                              <value name="contentType">1</value>
                              <value name="internalType">reference</value>
                              <value name="dataTypeVersion">dtVersion2</value>
                              <array name="targetNames" type="record" depth="1">
                                <record javaclass="com.wm.util.Values">
                                  <value name="xmlns">http://www.w3.org/2001/XMLSchema</value>
                                  <value name="ncName">boolean</value>
                                </record>
                              </array>
                            </record>
                            <value name="nillable">false</value>
                            <value name="field_xmlns">urn:partner.soap.sforce.com</value>
                            <value name="form_qualified">true</value>
                            <value name="is_global">false</value>
                          </record>
                        </array>
                        <record name="schemaType" javaclass="com.wm.util.Values">
                          <value name="xmlns">urn:partner.soap.sforce.com</value>
                          <value name="ncName">DescribeGlobalSObjectResult</value>
                        </record>
                        <value name="schemaRegistered">true</value>
                        <value name="modifiable">true</value>
                      </record>
                    </array>
                    <record name="schemaType" javaclass="com.wm.util.Values">
                      <value name="xmlns">urn:partner.soap.sforce.com</value>
                      <value name="ncName">DescribeGlobalResult</value>
                    </record>
                    <value name="schemaRegistered">true</value>
                    <value name="modifiable">true</value>
                  </record>
                </array>
                <value name="rec_closed">true</value>
                <value name="modifiable">true</value>
              </record>
            </array>
            <value name="modifiable">true</value>
          </record>
          <record javaclass="com.wm.util.Values">
            <value name="node_type">record</value>
            <value name="node_subtype">unknown</value>
            <value name="is_public">false</value>
            <value name="field_name">fault</value>
            <value name="field_type">record</value>
            <value name="field_dim">0</value>
            <value name="field_opt">true</value>
            <value name="wrapper_type">IData</value>
            <value name="nillable">true</value>
            <value name="form_qualified">false</value>
            <value name="is_global">false</value>
            <array name="rec_fields" type="record" depth="1">
            </array>
            <value name="modifiable">true</value>
          </record>
        </array>
        <value name="modifiable">true</value>
      </record>
    </array>
    <value name="modifiable">true</value>
  </record>
</Values>
</MAPSOURCE>

  <!-- nodes -->

<MAPCOPY FROM="/describeGlobalOutput;2;0/responseBody;2;0/tns:describeGlobalResponse;2;0/tns:result;2;0/tns:sobjects;2;1" TO="/objects;4;1;wmSalesforceConnector_v42.doctypes:docTypeRef_tns_DescribeGlobalSObjectResult">
</MAPCOPY>
</MAP>

<MAP MODE="OUTPUT">
  <MAPTARGET>

<Values version="2.0">
  <record name="xml" javaclass="com.wm.util.Values">
    <value name="node_type">record</value>
    <value name="node_subtype">unknown</value>
    <value name="is_public">false</value>
    <value name="field_type">record</value>
    <value name="field_dim">0</value>
    <value name="wrapper_type">IData</value>
    <value name="nillable">true</value>
    <value name="form_qualified">false</value>
    <value name="is_global">false</value>
    <array name="rec_fields" type="record" depth="1">
      <record javaclass="com.wm.util.Values">
        <value name="node_type">record</value>
        <value name="node_subtype">unknown</value>
        <value name="is_public">false</value>
        <value name="field_name">describeGlobalInput</value>
        <value name="field_type">record</value>
        <value name="field_dim">0</value>
        <value name="wrapper_type">IData</value>
        <value name="nillable">true</value>
        <value name="form_qualified">false</value>
        <value name="is_global">false</value>
        <array name="rec_fields" type="record" depth="1">
        </array>
        <value name="modifiable">true</value>
      </record>
      <record javaclass="com.wm.util.Values">
        <value name="node_type">record</value>
        <value name="node_subtype">unknown</value>
        <value name="is_public">false</value>
        <value name="field_name">objects</value>
        <value name="field_type">recref</value>
        <value name="field_dim">0</value>
        <value name="wrapper_type">IData</value>
        <value name="nillable">true</value>
        <value name="form_qualified">false</value>
        <value name="is_global">false</value>
        <value name="modifiable">true</value>
        <value name="rec_ref">wmSalesforceConnector_v42.doctypes:docTypeRef_tns_DescribeGlobalSObjectResult</value>
      </record>
      <record javaclass="com.wm.util.Values">
        <value name="node_type">unknown</value>
        <value name="node_subtype">unknown</value>
        <value name="is_public">false</value>
        <value name="field_name">$connectionAlias</value>
        <value name="field_type">string</value>
        <value name="field_dim">0</value>
        <value name="nillable">true</value>
        <value name="form_qualified">false</value>
        <value name="is_global">false</value>
      </record>
      <record javaclass="com.wm.util.Values">
        <value name="node_type">unknown</value>
        <value name="node_subtype">unknown</value>
        <value name="node_comment"></value>
        <record name="node_hints" javaclass="com.wm.util.Values">
          <value name="field_usereditable">true</value>
          <value name="field_largerEditor">false</value>
          <value name="field_password">false</value>
        </record>
        <value name="is_public">false</value>
        <value name="field_name">connectionAlias</value>
        <value name="field_type">string</value>
        <value name="field_dim">0</value>
        <array name="field_options" type="value" depth="1">
        </array>
        <value name="nillable">true</value>
        <value name="form_qualified">false</value>
        <value name="is_global">false</value>
      </record>
      <record javaclass="com.wm.util.Values">
        <value name="node_type">unknown</value>
        <value name="node_subtype">unknown</value>
        <value name="node_comment"></value>
        <record name="node_hints" javaclass="com.wm.util.Values">
          <value name="field_usereditable">true</value>
          <value name="field_largerEditor">false</value>
          <value name="field_password">false</value>
        </record>
        <value name="is_public">false</value>
        <value name="field_name">serviceName</value>
        <value name="field_type">string</value>
        <value name="field_dim">0</value>
        <array name="field_options" type="value" depth="1">
        </array>
        <value name="nillable">false</value>
        <value name="form_qualified">false</value>
        <value name="is_global">false</value>
      </record>
      <record javaclass="com.wm.util.Values">
        <value name="node_type">record</value>
        <value name="node_subtype">unknown</value>
        <value name="node_comment"></value>
        <record name="node_hints" javaclass="com.wm.util.Values">
          <value name="field_usereditable">true</value>
          <value name="field_largerEditor">false</value>
          <value name="field_password">false</value>
        </record>
        <value name="is_public">false</value>
        <value name="field_name">interactionName</value>
        <value name="field_type">string</value>
        <value name="field_dim">0</value>
        <value name="field_opt">true</value>
        <array name="field_options" type="value" depth="1">
        </array>
        <value name="nillable">true</value>
        <value name="form_qualified">false</value>
        <value name="is_global">false</value>
      </record>
      <record javaclass="com.wm.util.Values">
        <value name="node_type">record</value>
        <value name="node_subtype">unknown</value>
        <value name="node_comment"></value>
        <record name="node_hints" javaclass="com.wm.util.Values">
          <value name="field_usereditable">true</value>
          <value name="field_largerEditor">false</value>
          <value name="field_password">false</value>
        </record>
        <value name="is_public">false</value>
        <value name="field_name">type</value>
        <value name="field_type">string</value>
        <value name="field_dim">0</value>
        <array name="field_options" type="value" depth="1">
        </array>
        <value name="nillable">true</value>
        <value name="form_qualified">false</value>
        <value name="is_global">false</value>
      </record>
      <record javaclass="com.wm.util.Values">
        <value name="node_type">record</value>
        <value name="node_subtype">unknown</value>
        <value name="node_comment"></value>
        <record name="node_hints" javaclass="com.wm.util.Values">
          <value name="field_largerEditor">false</value>
          <value name="field_password">false</value>
        </record>
        <value name="is_public">false</value>
        <value name="field_name">context</value>
        <value name="field_type">recref</value>
        <value name="field_dim">0</value>
        <value name="field_opt">true</value>
        <value name="wrapper_type">IData</value>
        <value name="nillable">true</value>
        <value name="form_qualified">false</value>
        <value name="is_global">false</value>
        <value name="rec_closed">true</value>
        <value name="modifiable">true</value>
        <value name="rec_ref">wm.cloudstreams.service.common.lookup.docs:boListType</value>
      </record>
      <record javaclass="com.wm.util.Values">
        <value name="node_type">record</value>
        <value name="node_subtype">unknown</value>
        <value name="is_public">false</value>
        <value name="field_name">describeGlobalOutput</value>
        <value name="field_type">record</value>
        <value name="field_dim">0</value>
        <value name="wrapper_type">IData</value>
        <value name="nillable">true</value>
        <value name="form_qualified">false</value>
        <value name="is_global">false</value>
        <array name="rec_fields" type="record" depth="1">
        </array>
        <value name="modifiable">true</value>
      </record>
      <record javaclass="com.wm.util.Values">
        <value name="node_type">record</value>
        <value name="node_subtype">unknown</value>
        <value name="is_public">false</value>
        <value name="field_name">records</value>
        <value name="field_type">recref</value>
        <value name="field_dim">1</value>
        <value name="nillable">true</value>
        <value name="form_qualified">false</value>
        <value name="is_global">false</value>
        <value name="is_soap_array_encoding_used">false</value>
        <value name="modifiable">true</value>
        <value name="rec_ref">wm.cloudstreams.service.common.lookup.docs:boListType</value>
      </record>
      <record javaclass="com.wm.util.Values">
        <value name="node_type">record</value>
        <value name="node_subtype">unknown</value>
        <value name="node_comment"></value>
        <record name="node_hints" javaclass="com.wm.util.Values">
          <value name="field_largerEditor">false</value>
          <value name="field_password">false</value>
        </record>
        <value name="is_public">false</value>
        <value name="field_name">objects</value>
        <value name="field_type">recref</value>
        <value name="field_dim">1</value>
        <value name="wrapper_type">IData</value>
        <value name="nillable">true</value>
        <value name="form_qualified">false</value>
        <value name="is_global">false</value>
        <value name="is_soap_array_encoding_used">false</value>
        <value name="rec_closed">true</value>
        <value name="modifiable">true</value>
        <value name="rec_ref">wmSalesforceConnector_v42.doctypes:docTypeRef_tns_DescribeGlobalSObjectResult</value>
      </record>
    </array>
    <value name="modifiable">true</value>
  </record>
</Values>
</MAPTARGET>
  <MAPSOURCE>

<Values version="2.0">
  <record name="xml" javaclass="com.wm.util.Values">
    <value name="node_type">record</value>
    <value name="node_subtype">unknown</value>
    <value name="is_public">false</value>
    <value name="field_type">record</value>
    <value name="field_dim">0</value>
    <value name="wrapper_type">IData</value>
    <value name="nillable">true</value>
    <value name="form_qualified">false</value>
    <value name="is_global">false</value>
    <array name="rec_fields" type="record" depth="1">
      <record javaclass="com.wm.util.Values">
        <value name="node_type">record</value>
        <value name="node_subtype">unknown</value>
        <value name="node_comment"></value>
        <record name="node_hints" javaclass="com.wm.util.Values">
          <value name="field_largerEditor">false</value>
          <value name="field_password">false</value>
        </record>
        <value name="is_public">false</value>
        <value name="field_name">objects</value>
        <value name="field_type">recref</value>
        <value name="field_dim">1</value>
        <value name="wrapper_type">IData</value>
        <value name="nillable">true</value>
        <value name="form_qualified">false</value>
        <value name="is_global">false</value>
        <value name="is_soap_array_encoding_used">false</value>
        <value name="rec_closed">true</value>
        <value name="modifiable">true</value>
        <value name="rec_ref">wmSalesforceConnector_v42.doctypes:docTypeRef_tns_DescribeGlobalSObjectResult</value>
      </record>
    </array>
    <value name="modifiable">true</value>
  </record>
</Values>
</MAPSOURCE>

  <!-- nodes -->

<MAPDELETE FIELD="/records;4;1;wm.cloudstreams.service.common.lookup.docs:boListType/type;1;0">
</MAPDELETE>

<MAPDELETE FIELD="/records;4;1;wm.cloudstreams.service.common.lookup.docs:boListType/keyParameters;4;1;wm.cloudstreams.service.common.lookup.docs:recordType">
</MAPDELETE>

<MAPDELETE FIELD="/records;4;1;wm.cloudstreams.service.common.lookup.docs:boListType/attributes;4;1;wm.cloudstreams.service.common.lookup.docs:attributeType">
</MAPDELETE>

<MAPCOPY FROM="/objects;4;1;wmSalesforceConnector_v42.doctypes:docTypeRef_tns_DescribeGlobalSObjectResult/tns:name;1;0" TO="/records;4;1;wm.cloudstreams.service.common.lookup.docs:boListType/name;1;0">
</MAPCOPY>

<MAPCOPY FROM="/objects;4;1;wmSalesforceConnector_v42.doctypes:docTypeRef_tns_DescribeGlobalSObjectResult/tns:label;1;0" TO="/records;4;1;wm.cloudstreams.service.common.lookup.docs:boListType/displayName;1;0">
</MAPCOPY>

<MAPCOPY FROM="/objects;4;1;wmSalesforceConnector_v42.doctypes:docTypeRef_tns_DescribeGlobalSObjectResult" TO="/objects(1);4;1;wmSalesforceConnector_v42.doctypes:docTypeRef_tns_DescribeGlobalSObjectResult">
</MAPCOPY>
</MAP>
</INVOKE>

<MAP TIMEOUT="" MODE="STANDALONE">
  <COMMENT></COMMENT>
</MAP>
</SEQUENCE>

<SEQUENCE NAME="$null" TIMEOUT="" EXIT-ON="FAILURE">
  <COMMENT></COMMENT>
</SEQUENCE>
</BRANCH>

<BRANCH TIMEOUT="" SWITCH="/describeGlobalOutput/fault">
  <COMMENT></COMMENT>

  <!-- nodes -->

<SEQUENCE NAME="$default" TIMEOUT="" EXIT-ON="FAILURE">
  <COMMENT></COMMENT>

  <!-- nodes -->

<EXIT FROM="$flow" SIGNAL="FAILURE" FAILURE-MESSAGE="%describeGlobalOutput/fault/reasons[0]/*body%">
  <COMMENT></COMMENT>
</EXIT>
</SEQUENCE>

<SEQUENCE NAME="$null" TIMEOUT="" EXIT-ON="FAILURE">
  <COMMENT></COMMENT>
</SEQUENCE>
</BRANCH>

<MAP TIMEOUT="" MODE="STANDALONE">
  <COMMENT></COMMENT>

  <!-- nodes -->

<MAPDELETE FIELD="/describeGlobalInput;2;0">
</MAPDELETE>

<MAPDELETE FIELD="/connectionAlias;1;0">
</MAPDELETE>

<MAPDELETE FIELD="/objects(1);4;1;wmSalesforceConnector_v42.SforceService.doctypes:docTypeRef_tns_DescribeGlobalSObjectResult">
</MAPDELETE>

<MAPDELETE FIELD="/describeGlobalOutput;2;0">
</MAPDELETE>
</MAP>
</SEQUENCE>

<SEQUENCE TIMEOUT="" EXIT-ON="DONE">
  <COMMENT>catch block (exit on done)</COMMENT>

  <!-- nodes -->

<INVOKE TIMEOUT="" SERVICE="pub.flow:getLastError" VALIDATE-IN="$none" VALIDATE-OUT="$none">
  <COMMENT></COMMENT>

  <!-- nodes -->

<MAP MODE="INPUT">
</MAP>

<MAP MODE="OUTPUT">
</MAP>
</INVOKE>

<EXIT FROM="$flow" SIGNAL="FAILURE" FAILURE-MESSAGE="%lastError/error%">
  <COMMENT></COMMENT>
</EXIT>
</SEQUENCE>
</SEQUENCE>
</FLOW>
