<?xml version="1.0" encoding="UTF-8" standalone="yes"?>
<soap-connector xmlns="http://www.softwareag.com/cloudstreams/metadata/handler/model" group="Salesforce" version="31" id="com.softwareag.cloudstreams.salesforce_v31" displayName="Salesforce CRM" name="Salesforce CRM">
    <description>Salesforce Provider XML for SOAP</description>
    <connections>
        <connection type="sagcloud" displayName="Salesforce SOAP connection" name="SalesforceConnection_soap">
            <description>Connection for Salesforce back-end using SOAP</description>
            <groups>
                <group type="connection" displayName="Connection" name="connection">
					<fields>
						<field defaultValue="https://login.salesforce.com/services/Soap/u/31.0" name="cn.providerUrl"/>
					</fields>
				</group>
                <group type="credentials" displayName="Credentials" name="credentials">
					<fields>
						<field name="cr.username" isRequired="true"/>
						<field name="cr.password" isRequired="true"/>
					</fields>
				</group>
				<group type="requestHeaders" displayName="Request Headers" name="requestHeaders">
					<fields>
						<field defaultValue="Content-Type,SOAPAction" name="rh.requestHeaderNames"/>
						<field defaultValue="text/xml,login" name="rh.requestHeaderValues"/>
					</fields>
				</group>
                <group type="protocol" displayName="Transport Protocol" name="protocol"/>
				<group type="custom" name="custom" displayName="Custom">
                    <description>Custom variable to hold temporary server url for internal use only</description>
                    <fields>
                        <field defaultValue="" name="cx.tempProviderUrl" isHidden="true"/>                   
                    </fields>
                </group>
            </groups>
            <start>
                <operation type="LOGIN" displayName="Salesforce Login operation" name="SforceService:login">
                    <description>Login operation</description>
                    <mappings>
                        <map context="IN" isRequired="true" displayName="Login call input 1" name="start_operation_input_1">
                            <description>Login call input - username</description>
                            <source type="IDATA">cr.username</source>
                            <target type="XPATH">
								<xpath>tns:login/tns:username</xpath>
                            </target>
                        </map>
                        <map context="IN" isRequired="true" displayName="Login call input 2" name="start_operation_input_2">
                            <description>Login call input - password</description>
                            <source type="IDATA">cr.password</source>
                            <target type="XPATH">
								<xpath>tns:login/tns:password</xpath>
                            </target>
                        </map>
                        <map context="OUT" isRequired="true" displayName="Login call output 1" name="store_provider_url_in_temp">
                            <description>Store Provider Url in temporary variable</description>
							<source type="IDATA">cn.providerUrl</source>
                            <target type="IDATA">cx.tempProviderUrl</target>
                        </map>
                        <map context="OUT" isRequired="true" displayName="Login call output 1" name="start_operation_output_1">
                            <description>Login call output - serverUrl</description>
                            <source type="XPATH">
								<xpath>tns:loginResponse/tns:result/tns:serverUrl</xpath>
                            </source>
                            <target type="IDATA">cn.providerUrl</target>
                        </map>
						<map context="OUT" isRequired="true" name="UpdateServerUrl" displayName="Update Server url">
				                <description>Update provider url if required</description>
				               <source type="SERVICE">
				                 <service nsName="wm.cloudstreams.salesforce.utils:UpdateServerUrl">
				                  <arg name="responseUrl">${cn.providerUrl}</arg>
				                  <arg name="tempProviderUrl">${cx.tempProviderUrl}</arg>
				                 </service>
				                </source>
				               <target type="IDATA">cn.providerUrl</target>
						</map>
                        <map context="OUT" isRequired="true" displayName="Login call output 2" name="start_operation_output_2">
                            <description>Login call output - sessionId</description>
                            <source type="XPATH">
								<xpath>tns:loginResponse/tns:result/tns:sessionId</xpath>
                            </source>
                            <target type="IDATA">cn.sessionToken</target>
                        </map>
						<!-- This mapping is useful when we don't get any fault string in-spite of login failure. 
						If any fault string while login, it is handled by default -->
						<map context="OUT" isRequired="false" displayName="Login call output 1 in case of fault"
							name="start_operation_output_3">
							<description>Login call output - errorMessage</description>
							<source type="SERVICE">
								<service nsName="wmSalesforceConnector_v31.util.services:getLoginError">
									<hint>ERROR_MSG</hint>
								</service>
							</source>
							<target type="IDATA">cx.faultString</target>
						</map>
                    </mappings>
                </operation>
            </start>
            <stop>
                <!--<operation type="LOGOUT" displayName="SalesForce Logout operation" name="SforceService:logout">
                    <description>LOGOUT operation</description>
                    <mappings>
                        <map context="IN" isRequired="true" displayName="Logout call input" name="stop_operation_input_1">
                            <description>Logout call input</description>
                            <source type="IDATA">cn.sessionToken</source>
                            <target type="XPATH">
								<xpath>tns:SessionHeader/tns:sessionId</xpath>
                            </target>
                        </map>
                    </mappings>
                </operation>-->
            </stop>
        </connection>
    </connections>
    <services>
		<service xmlns:xsi="http://www.w3.org/2001/XMLSchema-instance" xsi:type="SOAPServiceType" wsdlLocation="partner-v31.wsdl" name="SforceService"
			displayName="Sforce SOAP API">
	        <description>Salesforce.com Partner SOAP API v31</description>

            <documentModel nsName="wmSalesforceConnector_v31.doctypes" packageName="wmSalesforceConnector_v31">
                <abstractObject type="businessObject" name="docTypeRef_ens_sObject">
                    <lookup ref="wmSalesforceConnector_v31.lookup:businessObjectList" type="boList"/>
                    <lookup ref="wmSalesforceConnector_v31.lookup:businessObjectDescribe" type="boDescribe"/>
                </abstractObject>
                <!--abstractObject type="schemaObject" name="docTypeRef_tns_Email">
                    <lookup ref="wm.cloudstreams.service.common:soList" type="soList"/>
                </abstractObject-->
            </documentModel>
			<operations>
				<mappings>
					<map context="IN" isRequired="true" isFixed="true" displayName="Operations mapping input" name="operations_mapping_input_1">
						<description>Session id to be used for all operations</description>
						<source type="IDATA">cn.sessionToken</source>
						<target type="XPATH" documentRef="wmSalesforceConnector_v31.doctypes:Header_SessionHeader">
							<xpath>tns:SessionHeader/tns:sessionId</xpath>
						</target>
					</map>
				</mappings>
				<operation name="login" type="LOGIN" isHidden="true">
					<description>Login to the Salesforce.com SOAP Api</description>
				</operation>
				<operation name="describeSObject" type="METADATA" isHidden="true">
					<description>Describe an sObject</description>
				</operation>
				<operation name="describeSObjects" type="METADATA" isHidden="true">
					<description>Describe a number sObjects</description>
				</operation>
				<operation name="describeGlobal" type="METADATA" isHidden="true">
					<description>Describe the Global state</description>
				</operation>
				<operation name="describeDataCategoryGroups" type="METADATA" isHidden="true">
					<description>Describe all the data category groups available for a given set of types</description>
				</operation>
				<operation name="describeDataCategoryGroupStructures" type="METADATA" isHidden="true" >
					<description>Describe the data category group structures for a given set of pair of types and data category group name</description>
				</operation>
				<operation name="describeLayout" type="METADATA" isHidden="true" >
					<description>Describe the layout of an sObject</description>
				</operation>
				<operation name="describeSoftphoneLayout" type="METADATA" isHidden="true">
					<description>Describe the layout of the SoftPhone</description>
				</operation>
				<operation name="describeTabs" type="METADATA" isHidden="true">
					<description>Describe the tabs that appear on a users page</description>
				</operation>
				<operation name="describeFlexiPages" type="METADATA" isHidden="true">
				<description>Describe the Flexi Pages</description>
				</operation>
				
				<operation name="describeGlobalTheme" type="METADATA" isHidden="true">
				<description>Describe the Global Theme</description>
				</operation>
				<operation name="describeTheme" type="METADATA" isHidden="true">
				<description>Describe the Theme</description>
				</operation>
				<operation name="describeSearchLayouts" type="METADATA" isHidden="true">
				<description>Describe the Search Layout</description>
				</operation>
				<operation name="describeSearchScopeOrder" type="METADATA" isHidden="true">
				<description>Describe the Search Scope Order</description>
				</operation>
				<operation name="create" type="COMPLEX">
					<description>Create a set of new sObjects</description>
					<mappings>
						<map context="IN" isRequired="true" isFixed="false" displayName="Field Truncation Header" name="allowFieldTruncation">
							<description>If this header value is true then it truncates data if the data is too long and does not fit into the given field </description>
							<source type="LITERAL">false</source>
							<target type="XPATH" documentRef="wmSalesforceConnector_v31.doctypes:Header_AllowFieldTruncationHeader">
								<xpath>tns:AllowFieldTruncationHeader/tns:allowFieldTruncation</xpath>
							</target>
						</map>
						<map context="IN" isRequired="true" isFixed="false" displayName="AllOrNone Header" name="allOrNone">
							<description>The AllOrNoneHeader header allows a call to roll back all changes unless all records are processed successfully</description>
							<source type="LITERAL">false</source>
							<target type="XPATH" documentRef="wmSalesforceConnector_v31.doctypes:Header_AllOrNoneHeader">
								<xpath>tns:AllOrNoneHeader/tns:allOrNone</xpath>
							</target>
						</map>
						<map context="IN" isRequired="true" isFixed="true" displayName="Type to SObject type" name="create_mapping_input_1">
							<description>Set type to SObject</description>
							<source type="PARAMETER">core.businessObject</source>
							<target type="XPATH" documentRef="wmSalesforceConnector_v31.doctypes:Soap_create_Input">
								<xpath>tns:create/tns:sObjects/ens:type</xpath>
							</target>
						</map>
						<map context="IN" isRequired="true" isFixed="true" displayName="ID to null" name="create_mapping_input_2">
							<description>Set Id to null</description>
							<source type="LITERAL">${null}</source>
							<target type="XPATH" documentRef="wmSalesforceConnector_v31.doctypes:Soap_create_Input">
								<xpath>tns:create/tns:sObjects/ens:Id</xpath>
							</target>
						</map>
					</mappings>
				</operation>
				<operation name="update" type="COMPLEX">
					<description>Update a set of sObjects</description>
					<mappings>
						<map context="IN" isRequired="true" isFixed="false" displayName="Field Truncation Header" name="allowFieldTruncation">
							<description>If this header value is true then it truncates data if the data is too long and does not fit into the given field </description>
							<source type="LITERAL">false</source>
							<target type="XPATH" documentRef="wmSalesforceConnector_v31.doctypes:Header_AllowFieldTruncationHeader">
								<xpath>tns:AllowFieldTruncationHeader/tns:allowFieldTruncation</xpath>
							</target>
						</map>
						<map context="IN" isRequired="true" isFixed="false" displayName="AllOrNone Header" name="allOrNone">
							<description>The AllOrNoneHeader header allows a call to roll back all changes unless all records are processed successfully</description>
							<source type="LITERAL">false</source>
							<target type="XPATH" documentRef="wmSalesforceConnector_v31.doctypes:Header_AllOrNoneHeader">
								<xpath>tns:AllOrNoneHeader/tns:allOrNone</xpath>
							</target>
						</map>
						<map context="IN" isRequired="true" isFixed="true" displayName="Type to SObject type" name="update_mapping_input_1">
							<description>Set type to SObject</description>
							<source type="PARAMETER">core.businessObject</source>
							<target type="XPATH" documentRef="wmSalesforceConnector_v31.doctypes:Soap_update_Input">
								<xpath>tns:update/tns:sObjects/ens:type</xpath>
							</target>
						</map>
					</mappings>					
				</operation>
				<operation name="upsert" type="COMPLEX">
					<description>Update or insert a set of sObjects based on object id</description>
					<mappings>
						<map context="IN" isRequired="true" isFixed="false" displayName="Field Truncation Header" name="allowFieldTruncation">
							<description>If this header value is true then it truncates data if the data is too long and does not fit into the given field </description>
							<source type="LITERAL">false</source>
							<target type="XPATH" documentRef="wmSalesforceConnector_v31.doctypes:Header_AllowFieldTruncationHeader">
								<xpath>tns:AllowFieldTruncationHeader/tns:allowFieldTruncation</xpath>
							</target>
						</map>
						<map context="IN" isRequired="true" isFixed="false" displayName="AllOrNone Header" name="allOrNone">
							<description>The AllOrNoneHeader header allows a call to roll back all changes unless all records are processed successfully</description>
							<source type="LITERAL">false</source>
							<target type="XPATH" documentRef="wmSalesforceConnector_v31.doctypes:Header_AllOrNoneHeader">
								<xpath>tns:AllOrNoneHeader/tns:allOrNone</xpath>
							</target>
						</map>
						<map context="IN" isRequired="true" isFixed="true" displayName="Type to SObject type" name="upsert_mapping_input_1">
							<description>Set type to SObject</description>
							<source type="PARAMETER">core.businessObject</source>
							<target type="XPATH" documentRef="wmSalesforceConnector_v31.doctypes:Soap_upsert_Input">
								<xpath>tns:upsert/tns:sObjects/ens:type</xpath>
							</target>
						</map>
						<map context="IN" isRequired="true" displayName="ID to null" name="upsert_mapping_input_2">
							<description>Set Id to null</description>
							<source type="LITERAL">${null}</source>
							<target type="XPATH" documentRef="wmSalesforceConnector_v31.doctypes:Soap_upsert_Input">
								<xpath>tns:upsert/tns:sObjects/ens:Id</xpath>
							</target>
						</map>
					</mappings>
				</operation>
				<operation name="merge" type="COMPLEX">
					<description>Merge and update a set of sObjects based on object id</description>
					<mappings>
						<map context="IN" isRequired="true" isFixed="true" displayName="Type to SObject type" name="merge_mapping_input_1">
							<description>Set type to SObject</description>
							<source type="PARAMETER">core.businessObject</source>
							<target type="XPATH" documentRef="wmSalesforceConnector_v31.doctypes:Soap_merge_Input">
								<xpath>tns:merge/tns:request/tns:masterRecord/ens:type</xpath>
							</target>
						</map>
					</mappings>
				</operation>
				<operation name="delete" type="SIMPLE">
					<description>Delete a set of sObjects</description>
				</operation>
				<operation name="undelete" type="SIMPLE">
					<description>Undelete a set of sObjects</description>
				</operation>
				<operation name="emptyRecycleBin" type="SIMPLE">
					<description>Empty a set of sObjects from the recycle bin</description>
				</operation>
				<operation name="retrieve" type="COMPLEX">
					<description>Get a set of sObjects</description>
					<mappings>
						<map context="IN" isRequired="true" isFixed="true" displayName="retrieve Input Mapping 2" name="retrieve_mapping_input_2">
							<description>Set field list</description>
							<source type="SERVICE">
								<service nsName="pub.cloudstreams.util.services.map:delimitedString">
									<hint>core.objectFieldList</hint>
									<arg name="input">${core.objectFieldList}</arg>
									<arg name="delimiter">,</arg>
								</service>
							</source>
							<target type="XPATH" documentRef="wmSalesforceConnector_v31.doctypes:Soap_retrieve_Input">
								<xpath>tns:retrieve/tns:fieldList</xpath>
							</target>
						</map>
						<map context="IN" isRequired="true" isFixed="true" displayName="Type to SObject type" name="retrieve_mapping_input_1">
							<description>Set type to sObjectType</description>
							<source type="PARAMETER">core.businessObject</source>
							<target type="XPATH" documentRef="wmSalesforceConnector_v31.doctypes:Soap_retrieve_Input">
								<xpath>tns:retrieve/tns:sObjectType</xpath>
							</target>
						</map>
					</mappings>
				</operation>
				<operation name="process" type="SIMPLE" isHidden="true">
					<description>Submit an entity to a workflow process or process a workitem</description>
				</operation>
				<operation name="convertLead" type="SIMPLE">
					<description>Convert a set of leads</description>
				</operation>
				<operation name="logout" type="LOGOUT" isHidden="true">
					<description>Logout the current user, invalidating the current session</description>
					<mappings>
						<map context="IN" isRequired="true" displayName="logout" name="logout">
							<description>Set logout to null</description>
							<source type="LITERAL">${null}</source>
							<target type="XPATH" documentRef="wmSalesforceConnector_v31.doctypes:Soap_logout_Input">
								<xpath>tns:logout/*body</xpath>
							</target>
						</map>
					</mappings>				
				</operation>
				<operation name="invalidateSessions" type="SIMPLE">
					<description>Logs out and invalidates session ids</description>
				</operation>
				<operation name="getDeleted" type="SIMPLE">
					<description>Get the IDs for deleted sObjects</description>
				</operation>
				<operation name="getUpdated" type="SIMPLE">
					<description>Get the IDs for updated sObjects</description>
				</operation>
				<operation name="query" type="COMPLEX">
					<description>Create a Query Cursor</description>
					<properties>
						<property name="allowFieldCustomization" value="true"/>
						<property name="fieldExpansionLevel" value="5"/>
					</properties>					
					<mappings>
						<map context="IN" isRequired="true" isFixed="false" displayName="QueryOptions Header" name="batchSize">
							<description>The batch size for the number of records returned in a query call.</description>
							<source type="LITERAL">500</source>
							<target type="XPATH" documentRef="wmSalesforceConnector_v31.doctypes:Header_QueryOptions">
								<xpath>tns:QueryOptions/tns:batchSize</xpath>
							</target>
						</map>
						<map context="IN" isRequired="true" isFixed="true" displayName="query" name="query">
							<description>Set the query string</description>
							<source type="SERVICE">
								<service nsName="wmSalesforceConnector_v31.util.services:queryFormatter">
									<hint>SELECT [${core.objectFieldList}] | [${select}] FROM ${core.businessObject} [[WHERE ${where}] [LIMIT ${limit}]] | [${filter}]</hint>
									<arg name="businessObject">${core.businessObject}</arg>
									<arg name="fieldList">${core.objectFieldList}</arg>
									<arg name="select">${select}</arg>
									<arg name="where">${where}</arg>
									<arg name="limit">${limit}</arg>
									<arg name="customFilter">${filter}</arg>
								</service>
							</source>
							<target type="XPATH" documentRef="wmSalesforceConnector_v31.doctypes:Soap_query_Input">
								<xpath>tns:query/tns:queryString</xpath>
							</target>
						</map>
					</mappings>
					<parameters>
						<parameter name="select" isRequired="false" style="SOAP">
							<description>custom select field list with optional subquery</description>
						</parameter>
						<parameter name="where" isRequired="false" style="SOAP">
							<description>where clause for query operation</description>
						</parameter>
						<parameter name="limit" isRequired="false" style="SOAP">
							<description>limit parameter for query operation</description>
						</parameter>						
						<parameter name="filter" isRequired="false" style="SOAP">
							<description>custom filter condition. If specified overrides 'where' and 'limit' parameters</description>
						</parameter>
					</parameters>
				</operation>
				<operation name="queryAll" type="COMPLEX">
					<description>Create a Query Cursor, including deleted sObjects</description>
					<properties>
						<property name="allowFieldCustomization" value="true"/>
						<property name="fieldExpansionLevel" value="5"/>
					</properties>					
					<mappings>
						<map context="IN" isRequired="true" isFixed="true" displayName="queryAll" name="queryAll">
							<description>Set the query string</description>
							<source type="SERVICE">
								<service nsName="wmSalesforceConnector_v31.util.services:queryFormatter">
									<hint>SELECT [${core.objectFieldList}] | [${select}] FROM ${core.businessObject} [[WHERE ${where}] [LIMIT ${limit}]] | [${filter}]</hint>
									<arg name="businessObject">${core.businessObject}</arg>
									<arg name="fieldList">${core.objectFieldList}</arg>
									<arg name="select">${select}</arg>
									<arg name="where">${where}</arg>
									<arg name="limit">${limit}</arg>
									<arg name="customFilter">${filter}</arg>
								</service>
							</source>
							<target type="XPATH" documentRef="wmSalesforceConnector_v31.doctypes:Soap_query_Input">
								<xpath>tns:queryAll/tns:queryString</xpath>
							</target>
						</map>
					</mappings>
					<parameters>
						<parameter name="select" isRequired="false" style="SOAP">
							<description>custom select field list with optional subquery</description>
						</parameter>
						<parameter name="where" isRequired="false" style="SOAP">
							<description>where clause for query operation</description>
						</parameter>
						<parameter name="limit" isRequired="false" style="SOAP">
							<description>limit parameter for query operation</description>
						</parameter>						
						<parameter name="filter" isRequired="false" style="SOAP">
							<description>custom filter condition. If specified overrides 'where' and 'limit' parameters</description>
						</parameter>
					</parameters>
				</operation>
				<operation name="queryMore" type="COMPLEX">
					<description>Gets the next batch of sObjects from a query</description>
					<properties>
						<property name="allowFieldCustomization" value="true"/>
						<property name="fieldExpansionLevel" value="5"/>
					</properties>					
				</operation>
				<operation name="search" type="COMPLEX">
					<description>Search for sObjects</description>
				</operation>
				<operation name="getServerTimestamp" type="SIMPLE">
					<description>Gets server timestamp</description>
					<mappings>
						<map context="IN" isRequired="true" displayName="getServerTimestamp" name="getServerTimestamp">
							<description>Set getServerTimestamp to null</description>
							<source type="LITERAL">${null}</source>
							<target type="XPATH" documentRef="wmSalesforceConnector_v31.doctypes:Soap_getServerTimestamp_Input">
								<xpath>tns:getServerTimestamp/*body</xpath>
							</target>
						</map>
					</mappings>				
				</operation>
				<operation name="setPassword" type="SIMPLE">
					<description>Set a user's password</description>
				</operation>
				<operation name="resetPassword" type="SIMPLE">
					<description>Reset a user's password</description>
				</operation>
				<operation name="getUserInfo" type="SIMPLE">
					<description>Returns standard information relevant to the current user</description>
					<mappings>
						<map context="IN" isRequired="true" displayName="getUserInfo" name="getUserInfo">
							<description>Set getUserInfo to null</description>
							<source type="LITERAL">${null}</source>
							<target type="XPATH" documentRef="wmSalesforceConnector_v31.doctypes:Soap_getUserInfo_Input">
								<xpath>tns:getUserInfo/*body</xpath>
							</target>
						</map>
					</mappings>				
				</operation>
				<operation name="sendEmail" type="SIMPLE" isHidden="true">
					<description>Send outbound email</description>
				</operation>
				<operation name="performQuickActions" type="COMPLEX" isHidden="true">
					<description>Perform Quick Actions</description>
					<mappings>
						<map context="IN" isRequired="true" isFixed="true" displayName="Type to SObject type" name="create_mapping_input_1">
							<description>Set type to SObject</description>
							<source type="PARAMETER">core.businessObject</source>
							<target type="XPATH" documentRef="wmSalesforceConnector_v31.doctypes:Soap_performQuickActions_Input">
								<xpath>tns:performQuickActions/tns:quickActions/tns:records/ens:type</xpath>
							</target>
						</map>
						<map context="IN" isRequired="true" isFixed="true" displayName="ID to null" name="create_mapping_input_2">
							<description>Set Id to null</description>
							<source type="LITERAL">${null}</source>
							<target type="XPATH" documentRef="wmSalesforceConnector_v31.doctypes:Soap_performQuickActions_Input">
								<xpath>tns:performQuickActions/tns:quickActions/tns:records/ens:Id</xpath>
							</target>
						</map>
					</mappings>
				</operation>
				<operation name="describeQuickActions" type="SIMPLE" isHidden="true">
				<description>Describe Quick Actions</description>
				</operation>
				<operation name="describeAvailableQuickActions" type="SIMPLE" isHidden="true">
				<description>Describe Available Quick Actions</description>
				</operation>
				<operation name="sendEmailMessage" type="SIMPLE" isHidden="true" >
				<description>Sends Email Messages</description>
				</operation>
			</operations>
		</service>
	</services>
</soap-connector>
