<?xml version="1.0" encoding="UTF-8"?>

<FLOW VERSION="3.0" CLEANUP="true">
  <COMMENT></COMMENT>

  <!-- nodes -->

<MAP TIMEOUT="" MODE="STANDALONE">
  <COMMENT></COMMENT>
</MAP>

<MAP TIMEOUT="" MODE="STANDALONE">
  <COMMENT></COMMENT>
</MAP>

<BRANCH TIMEOUT="">
  <COMMENT></COMMENT>
</BRANCH>

<LOOP TIMEOUT="">
  <COMMENT></COMMENT>
</LOOP>

<SEQUENCE TIMEOUT="" EXIT-ON="FAILURE" FORM="TRY">
  <COMMENT></COMMENT>
</SEQUENCE>

<SEQUENCE TIMEOUT="" EXIT-ON="FAILURE" FORM="CATCH">
  <COMMENT></COMMENT>
</SEQUENCE>

<RETRY TIMEOUT="" COUNT="" BACK-OFF="" LOOP-ON="FAILURE">
  <COMMENT></COMMENT>
</RETRY>

<BRANCH TIMEOUT="">
  <COMMENT></COMMENT>
</BRANCH>

<SEQUENCE TIMEOUT="" EXIT-ON="FAILURE" FORM="TRY">
  <COMMENT></COMMENT>
</SEQUENCE>

<SEQUENCE TIMEOUT="" EXIT-ON="FAILURE" FORM="CATCH">
  <COMMENT></COMMENT>
</SEQUENCE>
</FLOW>
